,0,1
65,10-Things-I-Hate-About-You,https://www.imsdb.com/scripts/10-Things-I-Hate-About-You.html
66,12,https://www.imsdb.com/scripts/12.html
67,12-and-Holding,https://www.imsdb.com/scripts/12-and-Holding.html
68,12-Monkeys,https://www.imsdb.com/scripts/12-Monkeys.html
69,12-Years-a-Slave,https://www.imsdb.com/scripts/12-Years-a-Slave.html
70,127-Hours,https://www.imsdb.com/scripts/127-Hours.html
71,1492:-Conquest-of-Paradise,https://www.imsdb.com/scripts/1492:-Conquest-of-Paradise.html
72,15-Minutes,https://www.imsdb.com/scripts/15-Minutes.html
73,17-Again,https://www.imsdb.com/scripts/17-Again.html
74,187,https://www.imsdb.com/scripts/187.html
75,2001:-A-Space-Odyssey,https://www.imsdb.com/scripts/2001:-A-Space-Odyssey.html
76,2012,https://www.imsdb.com/scripts/2012.html
77,25th-Hour,https://www.imsdb.com/scripts/25th-Hour.html
78,28-Days-Later,https://www.imsdb.com/scripts/28-Days-Later.html
79,30-Minutes-or-Less,https://www.imsdb.com/scripts/30-Minutes-or-Less.html
80,42,https://www.imsdb.com/scripts/42.html
81,44-Inch-Chest,https://www.imsdb.com/scripts/44-Inch-Chest.html
82,48-Hrs.,https://www.imsdb.com/scripts/48-Hrs..html
83,50-50,https://www.imsdb.com/scripts/50-50.html
84,500-Days-of-Summer,https://www.imsdb.com/scripts/500-Days-of-Summer.html
85,8-Mile,https://www.imsdb.com/scripts/8-Mile.html
86,8MM,https://www.imsdb.com/scripts/8MM.html
87,9,https://www.imsdb.com/scripts/9.html
88,A-Few-Good-Men,https://www.imsdb.com/scripts/A-Few-Good-Men.html
89,A-Most-Violent-Year,https://www.imsdb.com/scripts/A-Most-Violent-Year.html
90,A-Prayer-Before-Dawn,https://www.imsdb.com/scripts/A-Prayer-Before-Dawn.html
91,A-Quiet-Place,https://www.imsdb.com/scripts/A-Quiet-Place.html
92,A-Scanner-Darkly,https://www.imsdb.com/scripts/A-Scanner-Darkly.html
93,A-Serious-Man,https://www.imsdb.com/scripts/A-Serious-Man.html
94,A.I.,https://www.imsdb.com/scripts/A.I..html
95,Above-the-Law,https://www.imsdb.com/scripts/Above-the-Law.html
96,Absolute-Power,https://www.imsdb.com/scripts/Absolute-Power.html
97,"Abyss,-The","https://www.imsdb.com/scripts/Abyss,-The.html"
98,Ace-Ventura:-Pet-Detective,https://www.imsdb.com/scripts/Ace-Ventura:-Pet-Detective.html
99,Adaptation,https://www.imsdb.com/scripts/Adaptation.html
100,"Addams-Family,-The","https://www.imsdb.com/scripts/Addams-Family,-The.html"
101,"Adjustment-Bureau,-The","https://www.imsdb.com/scripts/Adjustment-Bureau,-The.html"
102,"Adventures-of-Buckaroo-Banzai-Across-the-Eighth-Dimension,-The","https://www.imsdb.com/scripts/Adventures-of-Buckaroo-Banzai-Across-the-Eighth-Dimension,-The.html"
103,Affliction,https://www.imsdb.com/scripts/Affliction.html
104,After-School-Special,https://www.imsdb.com/scripts/After-School-Special.html
105,After.Life,https://www.imsdb.com/scripts/After.Life.html
106,Agnes-of-God,https://www.imsdb.com/scripts/Agnes-of-God.html
107,Air-Force-One,https://www.imsdb.com/scripts/Air-Force-One.html
108,Airplane,https://www.imsdb.com/scripts/Airplane.html
109,Airplane-2:-The-Sequel,https://www.imsdb.com/scripts/Airplane-2:-The-Sequel.html
110,Aladdin,https://www.imsdb.com/scripts/Aladdin.html
111,Ali,https://www.imsdb.com/scripts/Ali.html
112,Alien,https://www.imsdb.com/scripts/Alien.html
113,Alien-3,https://www.imsdb.com/scripts/Alien-3.html
114,Alien-Nation,https://www.imsdb.com/scripts/Alien-Nation.html
115,Alien-vs.-Predator,https://www.imsdb.com/scripts/Alien-vs.-Predator.html
116,Alien:-Resurrection,https://www.imsdb.com/scripts/Alien:-Resurrection.html
117,Aliens,https://www.imsdb.com/scripts/Aliens.html
118,All-About-Eve,https://www.imsdb.com/scripts/All-About-Eve.html
119,All-About-Steve,https://www.imsdb.com/scripts/All-About-Steve.html
120,All-the-King's-Men,https://www.imsdb.com/scripts/All-the-King's-Men.html
121,All-the-President's-Men,https://www.imsdb.com/scripts/All-the-President's-Men.html
122,Almost-Famous,https://www.imsdb.com/scripts/Almost-Famous.html
123,Alone-in-the-Dark,https://www.imsdb.com/scripts/Alone-in-the-Dark.html
124,Amadeus,https://www.imsdb.com/scripts/Amadeus.html
125,Amelia,https://www.imsdb.com/scripts/Amelia.html
126,American-Beauty,https://www.imsdb.com/scripts/American-Beauty.html
127,American-Gangster,https://www.imsdb.com/scripts/American-Gangster.html
128,American-Graffiti,https://www.imsdb.com/scripts/American-Graffiti.html
129,American-History-X,https://www.imsdb.com/scripts/American-History-X.html
130,American-Hustle,https://www.imsdb.com/scripts/American-Hustle.html
131,American-Madness,https://www.imsdb.com/scripts/American-Madness.html
132,American-Milkshake,https://www.imsdb.com/scripts/American-Milkshake.html
133,American-Outlaws,https://www.imsdb.com/scripts/American-Outlaws.html
134,American-Pie,https://www.imsdb.com/scripts/American-Pie.html
135,"American-President,-The","https://www.imsdb.com/scripts/American-President,-The.html"
136,American-Psycho,https://www.imsdb.com/scripts/American-Psycho.html
137,American-Shaolin:-King-of-Kickboxers-II,https://www.imsdb.com/scripts/American-Shaolin:-King-of-Kickboxers-II.html
138,American-Sniper,https://www.imsdb.com/scripts/American-Sniper.html
139,American-Splendor,https://www.imsdb.com/scripts/American-Splendor.html
140,American-Werewolf-in-London,https://www.imsdb.com/scripts/American-Werewolf-in-London.html
141,"American,-The","https://www.imsdb.com/scripts/American,-The.html"
142,"Amityville-Asylum,-The","https://www.imsdb.com/scripts/Amityville-Asylum,-The.html"
143,Amour,https://www.imsdb.com/scripts/Amour.html
144,An-Education,https://www.imsdb.com/scripts/An-Education.html
145,Analyze-That,https://www.imsdb.com/scripts/Analyze-That.html
146,Analyze-This,https://www.imsdb.com/scripts/Analyze-This.html
147,Anastasia,https://www.imsdb.com/scripts/Anastasia.html
148,Angel-Eyes,https://www.imsdb.com/scripts/Angel-Eyes.html
149,Angels-&-Demons,https://www.imsdb.com/scripts/Angels-&-Demons.html
150,Anna-Karenina,https://www.imsdb.com/scripts/Anna-Karenina.html
151,Annie-Hall,https://www.imsdb.com/scripts/Annie-Hall.html
152,"Anniversary-Party,-The","https://www.imsdb.com/scripts/Anniversary-Party,-The.html"
153,Anonymous,https://www.imsdb.com/scripts/Anonymous.html
154,Antitrust,https://www.imsdb.com/scripts/Antitrust.html
155,Antz,https://www.imsdb.com/scripts/Antz.html
156,"Apartment,-The","https://www.imsdb.com/scripts/Apartment,-The.html"
157,Apocalypse-Now,https://www.imsdb.com/scripts/Apocalypse-Now.html
158,Apollo-13,https://www.imsdb.com/scripts/Apollo-13.html
159,April-Fool's-Day,https://www.imsdb.com/scripts/April-Fool's-Day.html
160,Apt-Pupil,https://www.imsdb.com/scripts/Apt-Pupil.html
161,Arbitrage,https://www.imsdb.com/scripts/Arbitrage.html
162,Arcade,https://www.imsdb.com/scripts/Arcade.html
163,Arctic-Blue,https://www.imsdb.com/scripts/Arctic-Blue.html
164,Argo,https://www.imsdb.com/scripts/Argo.html
165,Armageddon,https://www.imsdb.com/scripts/Armageddon.html
166,Army-of-Darkness,https://www.imsdb.com/scripts/Army-of-Darkness.html
167,Arsenic-and-Old-Lace,https://www.imsdb.com/scripts/Arsenic-and-Old-Lace.html
168,Arthur,https://www.imsdb.com/scripts/Arthur.html
169,"Artist,-The","https://www.imsdb.com/scripts/Artist,-The.html"
170,As-Good-As-It-Gets,https://www.imsdb.com/scripts/As-Good-As-It-Gets.html
171,Assassins,https://www.imsdb.com/scripts/Assassins.html
172,"Assignment,-The","https://www.imsdb.com/scripts/Assignment,-The.html"
173,At-First-Sight,https://www.imsdb.com/scripts/At-First-Sight.html
174,August:-Osage-County,https://www.imsdb.com/scripts/August:-Osage-County.html
175,Austin-Powers---International-Man-of-Mystery,https://www.imsdb.com/scripts/Austin-Powers---International-Man-of-Mystery.html
176,Austin-Powers---The-Spy-Who-Shagged-Me,https://www.imsdb.com/scripts/Austin-Powers---The-Spy-Who-Shagged-Me.html
177,Authors-Anonymous,https://www.imsdb.com/scripts/Authors-Anonymous.html
178,Autumn-in-New-York,https://www.imsdb.com/scripts/Autumn-in-New-York.html
179,Avatar,https://www.imsdb.com/scripts/Avatar.html
180,"Avengers,-The","https://www.imsdb.com/scripts/Avengers,-The.html"
181,"Avengers,-The-(2012)","https://www.imsdb.com/scripts/Avengers,-The-(2012).html"
182,"Avventura,-L'-(The-Adventure)","https://www.imsdb.com/scripts/Avventura,-L'-(The-Adventure).html"
183,Awakenings,https://www.imsdb.com/scripts/Awakenings.html
184,Babel,https://www.imsdb.com/scripts/Babel.html
185,Bachelor-Party,https://www.imsdb.com/scripts/Bachelor-Party.html
186,"Bachelor-Party,-The","https://www.imsdb.com/scripts/Bachelor-Party,-The.html"
187,Back-to-the-Future,https://www.imsdb.com/scripts/Back-to-the-Future.html
188,Back-to-the-Future-II-&-III,https://www.imsdb.com/scripts/Back-to-the-Future-II-&-III.html
189,"Back-up-Plan,-The","https://www.imsdb.com/scripts/Back-up-Plan,-The.html"
190,Backdraft,https://www.imsdb.com/scripts/Backdraft.html
191,Bad-Boys,https://www.imsdb.com/scripts/Bad-Boys.html
192,Bad-Country,https://www.imsdb.com/scripts/Bad-Country.html
193,Bad-Day-at-Black-Rock,https://www.imsdb.com/scripts/Bad-Day-at-Black-Rock.html
194,Bad-Dreams,https://www.imsdb.com/scripts/Bad-Dreams.html
195,Bad-Lieutenant,https://www.imsdb.com/scripts/Bad-Lieutenant.html
196,Bad-Santa,https://www.imsdb.com/scripts/Bad-Santa.html
197,Bad-Teacher,https://www.imsdb.com/scripts/Bad-Teacher.html
198,Badlands,https://www.imsdb.com/scripts/Badlands.html
199,Bamboozled,https://www.imsdb.com/scripts/Bamboozled.html
200,Barry-Lyndon,https://www.imsdb.com/scripts/Barry-Lyndon.html
201,Barton-Fink,https://www.imsdb.com/scripts/Barton-Fink.html
202,Basic,https://www.imsdb.com/scripts/Basic.html
203,Basic-Instinct,https://www.imsdb.com/scripts/Basic-Instinct.html
204,Basquiat,https://www.imsdb.com/scripts/Basquiat.html
205,Batman,https://www.imsdb.com/scripts/Batman.html
206,Batman-2,https://www.imsdb.com/scripts/Batman-2.html
207,Batman-and-Robin,https://www.imsdb.com/scripts/Batman-and-Robin.html
208,Batman-Begins,https://www.imsdb.com/scripts/Batman-Begins.html
209,Batman-Forever,https://www.imsdb.com/scripts/Batman-Forever.html
210,Batman-Returns,https://www.imsdb.com/scripts/Batman-Returns.html
211,"Battle-of-Algiers,-The","https://www.imsdb.com/scripts/Battle-of-Algiers,-The.html"
212,"Battle-of-Shaker-Heights,-The","https://www.imsdb.com/scripts/Battle-of-Shaker-Heights,-The.html"
213,Battle:-Los-Angeles,https://www.imsdb.com/scripts/Battle:-Los-Angeles.html
214,"Beach,-The","https://www.imsdb.com/scripts/Beach,-The.html"
215,Bean,https://www.imsdb.com/scripts/Bean.html
216,Beasts-of-No-Nation,https://www.imsdb.com/scripts/Beasts-of-No-Nation.html
217,Beasts-of-the-Southern-Wild,https://www.imsdb.com/scripts/Beasts-of-the-Southern-Wild.html
218,Beauty-and-the-Beast,https://www.imsdb.com/scripts/Beauty-and-the-Beast.html
219,Beavis-and-Butt-head-Do-America,https://www.imsdb.com/scripts/Beavis-and-Butt-head-Do-America.html
220,Beginners,https://www.imsdb.com/scripts/Beginners.html
221,Being-Human,https://www.imsdb.com/scripts/Being-Human.html
222,Being-John-Malkovich,https://www.imsdb.com/scripts/Being-John-Malkovich.html
223,Being-There,https://www.imsdb.com/scripts/Being-There.html
224,"Believer,-The","https://www.imsdb.com/scripts/Believer,-The.html"
225,Belle,https://www.imsdb.com/scripts/Belle.html
226,Beloved,https://www.imsdb.com/scripts/Beloved.html
227,Benny-&-Joon,https://www.imsdb.com/scripts/Benny-&-Joon.html
228,"Best-Exotic-Marigold-Hotel,-The","https://www.imsdb.com/scripts/Best-Exotic-Marigold-Hotel,-The.html"
229,Big,https://www.imsdb.com/scripts/Big.html
230,"Big-Blue,-The","https://www.imsdb.com/scripts/Big-Blue,-The.html"
231,Big-Eyes,https://www.imsdb.com/scripts/Big-Eyes.html
232,Big-Fish,https://www.imsdb.com/scripts/Big-Fish.html
233,"Big-Lebowski,-The","https://www.imsdb.com/scripts/Big-Lebowski,-The.html"
234,"Big-Sick,-The","https://www.imsdb.com/scripts/Big-Sick,-The.html"
235,"Big-White,-The","https://www.imsdb.com/scripts/Big-White,-The.html"
236,Birdman,https://www.imsdb.com/scripts/Birdman.html
237,"Birds,-The","https://www.imsdb.com/scripts/Birds,-The.html"
238,Birthday-Girl,https://www.imsdb.com/scripts/Birthday-Girl.html
239,"Black-Dahlia,-The","https://www.imsdb.com/scripts/Black-Dahlia,-The.html"
240,Black-Panther,https://www.imsdb.com/scripts/Black-Panther.html
241,Black-Rain,https://www.imsdb.com/scripts/Black-Rain.html
242,Black-Snake-Moan,https://www.imsdb.com/scripts/Black-Snake-Moan.html
243,Black-Swan,https://www.imsdb.com/scripts/Black-Swan.html
244,BlacKkKlansman,https://www.imsdb.com/scripts/BlacKkKlansman.html
245,Blade,https://www.imsdb.com/scripts/Blade.html
246,Blade-II,https://www.imsdb.com/scripts/Blade-II.html
247,Blade-Runner,https://www.imsdb.com/scripts/Blade-Runner.html
248,Blade:-Trinity,https://www.imsdb.com/scripts/Blade:-Trinity.html
249,"Blast-from-the-Past,-The","https://www.imsdb.com/scripts/Blast-from-the-Past,-The.html"
250,"Blind-Side,-The","https://www.imsdb.com/scripts/Blind-Side,-The.html"
251,"Bling-Ring,-The","https://www.imsdb.com/scripts/Bling-Ring,-The.html"
252,Blood-and-Wine,https://www.imsdb.com/scripts/Blood-and-Wine.html
253,Blood-Simple,https://www.imsdb.com/scripts/Blood-Simple.html
254,Blow,https://www.imsdb.com/scripts/Blow.html
255,Blue-Valentine,https://www.imsdb.com/scripts/Blue-Valentine.html
256,Blue-Velvet,https://www.imsdb.com/scripts/Blue-Velvet.html
257,"Blues-Brothers,-The","https://www.imsdb.com/scripts/Blues-Brothers,-The.html"
258,"Bodies,-Rest-&-Motion","https://www.imsdb.com/scripts/Bodies,-Rest-&-Motion.html"
259,Body-Heat,https://www.imsdb.com/scripts/Body-Heat.html
260,Body-of-Evidence,https://www.imsdb.com/scripts/Body-of-Evidence.html
261,Bodyguard,https://www.imsdb.com/scripts/Bodyguard.html
262,Bones,https://www.imsdb.com/scripts/Bones.html
263,Bonfire-of-the-Vanities,https://www.imsdb.com/scripts/Bonfire-of-the-Vanities.html
264,Bonnie-and-Clyde,https://www.imsdb.com/scripts/Bonnie-and-Clyde.html
265,Boogie-Nights,https://www.imsdb.com/scripts/Boogie-Nights.html
266,"Book-of-Eli,-The","https://www.imsdb.com/scripts/Book-of-Eli,-The.html"
267,Boondock-Saints-2:-All-Saints-Day,https://www.imsdb.com/scripts/Boondock-Saints-2:-All-Saints-Day.html
268,"Boondock-Saints,-The","https://www.imsdb.com/scripts/Boondock-Saints,-The.html"
269,Bottle-Rocket,https://www.imsdb.com/scripts/Bottle-Rocket.html
270,Bound,https://www.imsdb.com/scripts/Bound.html
271,"Bounty-Hunter,-The","https://www.imsdb.com/scripts/Bounty-Hunter,-The.html"
272,"Bourne-Identity,-The","https://www.imsdb.com/scripts/Bourne-Identity,-The.html"
273,"Bourne-Supremacy,-The","https://www.imsdb.com/scripts/Bourne-Supremacy,-The.html"
274,"Bourne-Ultimatum,-The","https://www.imsdb.com/scripts/Bourne-Ultimatum,-The.html"
275,"Box,-The","https://www.imsdb.com/scripts/Box,-The.html"
276,"Boxtrolls,-The","https://www.imsdb.com/scripts/Boxtrolls,-The.html"
277,Boyhood,https://www.imsdb.com/scripts/Boyhood.html
278,Braveheart,https://www.imsdb.com/scripts/Braveheart.html
279,Brazil,https://www.imsdb.com/scripts/Brazil.html
280,Break,https://www.imsdb.com/scripts/Break.html
281,Breakdown,https://www.imsdb.com/scripts/Breakdown.html
282,"Breakfast-Club,-The","https://www.imsdb.com/scripts/Breakfast-Club,-The.html"
283,Breaking-Away,https://www.imsdb.com/scripts/Breaking-Away.html
284,Brick,https://www.imsdb.com/scripts/Brick.html
285,Bridesmaids,https://www.imsdb.com/scripts/Bridesmaids.html
286,Bringing-Out-the-Dead,https://www.imsdb.com/scripts/Bringing-Out-the-Dead.html
287,Broadcast-News,https://www.imsdb.com/scripts/Broadcast-News.html
288,Broken-Arrow,https://www.imsdb.com/scripts/Broken-Arrow.html
289,Broken-Embraces,https://www.imsdb.com/scripts/Broken-Embraces.html
290,"Brothers-Bloom,-The","https://www.imsdb.com/scripts/Brothers-Bloom,-The.html"
291,Bruce-Almighty,https://www.imsdb.com/scripts/Bruce-Almighty.html
292,Buffy-the-Vampire-Slayer,https://www.imsdb.com/scripts/Buffy-the-Vampire-Slayer.html
293,Bull-Durham,https://www.imsdb.com/scripts/Bull-Durham.html
294,Buried,https://www.imsdb.com/scripts/Buried.html
295,Burlesque,https://www.imsdb.com/scripts/Burlesque.html
296,Burn-After-Reading,https://www.imsdb.com/scripts/Burn-After-Reading.html
297,Burning-Annie,https://www.imsdb.com/scripts/Burning-Annie.html
298,"Butterfly-Effect,-The","https://www.imsdb.com/scripts/Butterfly-Effect,-The.html"
299,Cable-Guy,https://www.imsdb.com/scripts/Cable-Guy.html
300,Candle-to-Water,https://www.imsdb.com/scripts/Candle-to-Water.html
301,Capote,https://www.imsdb.com/scripts/Capote.html
302,Carrie,https://www.imsdb.com/scripts/Carrie.html
303,Cars-2,https://www.imsdb.com/scripts/Cars-2.html
304,Casablanca,https://www.imsdb.com/scripts/Casablanca.html
305,Case-39,https://www.imsdb.com/scripts/Case-39.html
306,Casino,https://www.imsdb.com/scripts/Casino.html
307,Cast-Away,https://www.imsdb.com/scripts/Cast-Away.html
308,Catch-Me-If-You-Can,https://www.imsdb.com/scripts/Catch-Me-If-You-Can.html
309,Catwoman,https://www.imsdb.com/scripts/Catwoman.html
310,Cecil-B.-Demented,https://www.imsdb.com/scripts/Cecil-B.-Demented.html
311,Cedar-Rapids,https://www.imsdb.com/scripts/Cedar-Rapids.html
312,Celeste-&-Jesse-Forever,https://www.imsdb.com/scripts/Celeste-&-Jesse-Forever.html
313,"Cell,-The","https://www.imsdb.com/scripts/Cell,-The.html"
314,Cellular,https://www.imsdb.com/scripts/Cellular.html
315,"Change-Up,-The","https://www.imsdb.com/scripts/Change-Up,-The.html"
316,Changeling,https://www.imsdb.com/scripts/Changeling.html
317,Chaos,https://www.imsdb.com/scripts/Chaos.html
318,Charade,https://www.imsdb.com/scripts/Charade.html
319,Charlie's-Angels,https://www.imsdb.com/scripts/Charlie's-Angels.html
320,Chasing-Amy,https://www.imsdb.com/scripts/Chasing-Amy.html
321,Chasing-Sleep,https://www.imsdb.com/scripts/Chasing-Sleep.html
322,Cherry-Falls,https://www.imsdb.com/scripts/Cherry-Falls.html
323,Chinatown,https://www.imsdb.com/scripts/Chinatown.html
324,Christ-Complex,https://www.imsdb.com/scripts/Christ-Complex.html
325,Chronicle,https://www.imsdb.com/scripts/Chronicle.html
326,"Chronicles-of-Narnia:-The-Lion,-the-Witch-and-the-Wardrobe","https://www.imsdb.com/scripts/Chronicles-of-Narnia:-The-Lion,-the-Witch-and-the-Wardrobe.html"
327,"Cider-House-Rules,-The","https://www.imsdb.com/scripts/Cider-House-Rules,-The.html"
328,"Cincinnati-Kid,-The","https://www.imsdb.com/scripts/Cincinnati-Kid,-The.html"
329,Cinema-Paradiso,https://www.imsdb.com/scripts/Cinema-Paradiso.html
330,Cirque-du-Freak:-The-Vampire's-Assistant,https://www.imsdb.com/scripts/Cirque-du-Freak:-The-Vampire's-Assistant.html
331,Citizen-Kane,https://www.imsdb.com/scripts/Citizen-Kane.html
332,City-of-Joy,https://www.imsdb.com/scripts/City-of-Joy.html
333,Clash-of-the-Titans,https://www.imsdb.com/scripts/Clash-of-the-Titans.html
334,Clerks,https://www.imsdb.com/scripts/Clerks.html
335,Cliffhanger,https://www.imsdb.com/scripts/Cliffhanger.html
336,"Clockwork-Orange,-A","https://www.imsdb.com/scripts/Clockwork-Orange,-A.html"
337,Clueless,https://www.imsdb.com/scripts/Clueless.html
338,Cobb,https://www.imsdb.com/scripts/Cobb.html
339,Coco,https://www.imsdb.com/scripts/Coco.html
340,Code-of-Silence,https://www.imsdb.com/scripts/Code-of-Silence.html
341,Cold-Mountain,https://www.imsdb.com/scripts/Cold-Mountain.html
342,Collateral,https://www.imsdb.com/scripts/Collateral.html
343,Collateral-Damage,https://www.imsdb.com/scripts/Collateral-Damage.html
344,Colombiana,https://www.imsdb.com/scripts/Colombiana.html
345,Color-of-Night,https://www.imsdb.com/scripts/Color-of-Night.html
346,Commando,https://www.imsdb.com/scripts/Commando.html
347,Conan-the-Barbarian,https://www.imsdb.com/scripts/Conan-the-Barbarian.html
348,Confessions-of-a-Dangerous-Mind,https://www.imsdb.com/scripts/Confessions-of-a-Dangerous-Mind.html
349,Confidence,https://www.imsdb.com/scripts/Confidence.html
350,Constantine,https://www.imsdb.com/scripts/Constantine.html
351,Contact,https://www.imsdb.com/scripts/Contact.html
352,"Cooler,-The","https://www.imsdb.com/scripts/Cooler,-The.html"
353,Copycat,https://www.imsdb.com/scripts/Copycat.html
354,Coraline,https://www.imsdb.com/scripts/Coraline.html
355,Coriolanus,https://www.imsdb.com/scripts/Coriolanus.html
356,Courage-Under-Fire,https://www.imsdb.com/scripts/Courage-Under-Fire.html
357,Cowboys-&-Aliens,https://www.imsdb.com/scripts/Cowboys-&-Aliens.html
358,Cradle-2-the-Grave,https://www.imsdb.com/scripts/Cradle-2-the-Grave.html
359,Crank,https://www.imsdb.com/scripts/Crank.html
360,Crash,https://www.imsdb.com/scripts/Crash.html
361,"Crazy,-Stupid,-Love","https://www.imsdb.com/scripts/Crazy,-Stupid,-Love.html"
362,Crazylove,https://www.imsdb.com/scripts/Crazylove.html
363,Creation,https://www.imsdb.com/scripts/Creation.html
364,Crime-Spree,https://www.imsdb.com/scripts/Crime-Spree.html
365,"Croods,-The","https://www.imsdb.com/scripts/Croods,-The.html"
366,"Crouching-Tiger,-Hidden-Dragon","https://www.imsdb.com/scripts/Crouching-Tiger,-Hidden-Dragon.html"
367,Croupier,https://www.imsdb.com/scripts/Croupier.html
368,"Crow-Salvation,-The","https://www.imsdb.com/scripts/Crow-Salvation,-The.html"
369,"Crow,-The","https://www.imsdb.com/scripts/Crow,-The.html"
370,"Crow:-City-of-Angels,-The","https://www.imsdb.com/scripts/Crow:-City-of-Angels,-The.html"
371,Cruel-Intentions,https://www.imsdb.com/scripts/Cruel-Intentions.html
372,Crying-Game,https://www.imsdb.com/scripts/Crying-Game.html
373,Cube,https://www.imsdb.com/scripts/Cube.html
374,"Curious-Case-of-Benjamin-Button,-The","https://www.imsdb.com/scripts/Curious-Case-of-Benjamin-Button,-The.html"
375,Custody,https://www.imsdb.com/scripts/Custody.html
376,Dallas-Buyers-Club,https://www.imsdb.com/scripts/Dallas-Buyers-Club.html
377,"Damned-United,-The","https://www.imsdb.com/scripts/Damned-United,-The.html"
378,Dances-with-Wolves,https://www.imsdb.com/scripts/Dances-with-Wolves.html
379,Dark-City,https://www.imsdb.com/scripts/Dark-City.html
380,"Dark-Knight-Rises,-The","https://www.imsdb.com/scripts/Dark-Knight-Rises,-The.html"
381,"Dark-Knight,-The","https://www.imsdb.com/scripts/Dark-Knight,-The.html"
382,Dark-Star,https://www.imsdb.com/scripts/Dark-Star.html
383,Darkman,https://www.imsdb.com/scripts/Darkman.html
384,Date-Night,https://www.imsdb.com/scripts/Date-Night.html
385,Dave-Barry's-Complete-Guide-to-Guys,https://www.imsdb.com/scripts/Dave-Barry's-Complete-Guide-to-Guys.html
386,Dawn-of-the-Dead,https://www.imsdb.com/scripts/Dawn-of-the-Dead.html
387,Day-of-the-Dead,https://www.imsdb.com/scripts/Day-of-the-Dead.html
388,"Day-the-Clown-Cried,-The","https://www.imsdb.com/scripts/Day-the-Clown-Cried,-The.html"
389,"Day-the-Earth-Stood-Still,-The","https://www.imsdb.com/scripts/Day-the-Earth-Stood-Still,-The.html"
390,Days-of-Heaven,https://www.imsdb.com/scripts/Days-of-Heaven.html
391,Dead-Poets-Society,https://www.imsdb.com/scripts/Dead-Poets-Society.html
392,Deadpool,https://www.imsdb.com/scripts/Deadpool.html
393,Dear-White-People,https://www.imsdb.com/scripts/Dear-White-People.html
394,Death-at-a-Funeral,https://www.imsdb.com/scripts/Death-at-a-Funeral.html
395,Death-to-Smoochy,https://www.imsdb.com/scripts/Death-to-Smoochy.html
396,"Debt,-The","https://www.imsdb.com/scripts/Debt,-The.html"
397,Deception,https://www.imsdb.com/scripts/Deception.html
398,Deep-Cover,https://www.imsdb.com/scripts/Deep-Cover.html
399,Deep-Rising,https://www.imsdb.com/scripts/Deep-Rising.html
400,"Deer-Hunter,-The","https://www.imsdb.com/scripts/Deer-Hunter,-The.html"
401,Defiance,https://www.imsdb.com/scripts/Defiance.html
402,"Departed,-The","https://www.imsdb.com/scripts/Departed,-The.html"
403,"Descendants,-The","https://www.imsdb.com/scripts/Descendants,-The.html"
404,Despicable-Me-2,https://www.imsdb.com/scripts/Despicable-Me-2.html
405,Detroit-Rock-City,https://www.imsdb.com/scripts/Detroit-Rock-City.html
406,Devil-in-a-Blue-Dress,https://www.imsdb.com/scripts/Devil-in-a-Blue-Dress.html
407,"Devil-Wears-Prada,-The","https://www.imsdb.com/scripts/Devil-Wears-Prada,-The.html"
408,Devil's-Advocate,https://www.imsdb.com/scripts/Devil's-Advocate.html
409,Die-Hard,https://www.imsdb.com/scripts/Die-Hard.html
410,Die-Hard-2,https://www.imsdb.com/scripts/Die-Hard-2.html
411,Diner,https://www.imsdb.com/scripts/Diner.html
412,"Distinguished-Gentleman,-The","https://www.imsdb.com/scripts/Distinguished-Gentleman,-The.html"
413,Disturbia,https://www.imsdb.com/scripts/Disturbia.html
414,Django-Unchained,https://www.imsdb.com/scripts/Django-Unchained.html
415,Do-The-Right-Thing,https://www.imsdb.com/scripts/Do-The-Right-Thing.html
416,Dog-Day-Afternoon,https://www.imsdb.com/scripts/Dog-Day-Afternoon.html
417,Dogma,https://www.imsdb.com/scripts/Dogma.html
418,Donnie-Brasco,https://www.imsdb.com/scripts/Donnie-Brasco.html
419,Donnie-Darko,https://www.imsdb.com/scripts/Donnie-Darko.html
420,"Doors,-The","https://www.imsdb.com/scripts/Doors,-The.html"
421,Double-Indemnity,https://www.imsdb.com/scripts/Double-Indemnity.html
422,Drag-Me-to-Hell,https://www.imsdb.com/scripts/Drag-Me-to-Hell.html
423,Dragonslayer,https://www.imsdb.com/scripts/Dragonslayer.html
424,Drive,https://www.imsdb.com/scripts/Drive.html
425,Drive-Angry,https://www.imsdb.com/scripts/Drive-Angry.html
426,Drop-Dead-Gorgeous,https://www.imsdb.com/scripts/Drop-Dead-Gorgeous.html
427,"Dry-White-Season,-A","https://www.imsdb.com/scripts/Dry-White-Season,-A.html"
428,Duck-Soup,https://www.imsdb.com/scripts/Duck-Soup.html
429,Dumb-and-Dumber,https://www.imsdb.com/scripts/Dumb-and-Dumber.html
430,Dune,https://www.imsdb.com/scripts/Dune.html
431,E.T.,https://www.imsdb.com/scripts/E.T..html
432,Eagle-Eye,https://www.imsdb.com/scripts/Eagle-Eye.html
433,Eastern-Promises,https://www.imsdb.com/scripts/Eastern-Promises.html
434,Easy-A,https://www.imsdb.com/scripts/Easy-A.html
435,Ed-TV,https://www.imsdb.com/scripts/Ed-TV.html
436,Ed-Wood,https://www.imsdb.com/scripts/Ed-Wood.html
437,Edward-Scissorhands,https://www.imsdb.com/scripts/Edward-Scissorhands.html
438,Eight-Legged-Freaks,https://www.imsdb.com/scripts/Eight-Legged-Freaks.html
439,El-Mariachi,https://www.imsdb.com/scripts/El-Mariachi.html
440,Election,https://www.imsdb.com/scripts/Election.html
441,"Elephant-Man,-The","https://www.imsdb.com/scripts/Elephant-Man,-The.html"
442,Elizabeth:-The-Golden-Age,https://www.imsdb.com/scripts/Elizabeth:-The-Golden-Age.html
443,Enemy-of-the-State,https://www.imsdb.com/scripts/Enemy-of-the-State.html
444,"English-Patient,-The","https://www.imsdb.com/scripts/English-Patient,-The.html"
445,Enough,https://www.imsdb.com/scripts/Enough.html
446,Entrapment,https://www.imsdb.com/scripts/Entrapment.html
447,Equilibrium,https://www.imsdb.com/scripts/Equilibrium.html
448,Erik-the-Viking,https://www.imsdb.com/scripts/Erik-the-Viking.html
449,Erin-Brockovich,https://www.imsdb.com/scripts/Erin-Brockovich.html
450,Escape-From-L.A.,https://www.imsdb.com/scripts/Escape-From-L.A..html
451,Escape-From-New-York,https://www.imsdb.com/scripts/Escape-From-New-York.html
452,Eternal-Sunshine-of-the-Spotless-Mind,https://www.imsdb.com/scripts/Eternal-Sunshine-of-the-Spotless-Mind.html
453,Even-Cowgirls-Get-the-Blues,https://www.imsdb.com/scripts/Even-Cowgirls-Get-the-Blues.html
454,Event-Horizon,https://www.imsdb.com/scripts/Event-Horizon.html
455,Evil-Dead,https://www.imsdb.com/scripts/Evil-Dead.html
456,Evil-Dead-II:-Dead-by-Dawn,https://www.imsdb.com/scripts/Evil-Dead-II:-Dead-by-Dawn.html
457,Ex-Machina,https://www.imsdb.com/scripts/Ex-Machina.html
458,Excalibur,https://www.imsdb.com/scripts/Excalibur.html
459,Executive-Decision,https://www.imsdb.com/scripts/Executive-Decision.html
460,eXistenZ,https://www.imsdb.com/scripts/eXistenZ.html
461,Extract,https://www.imsdb.com/scripts/Extract.html
462,Eyes-Wide-Shut,https://www.imsdb.com/scripts/Eyes-Wide-Shut.html
463,"Fabulous-Baker-Boys,-The","https://www.imsdb.com/scripts/Fabulous-Baker-Boys,-The.html"
464,Face-Off,https://www.imsdb.com/scripts/Face-Off.html
465,Fair-Game,https://www.imsdb.com/scripts/Fair-Game.html
466,"Family-Man,-The","https://www.imsdb.com/scripts/Family-Man,-The.html"
467,Fantastic-Four,https://www.imsdb.com/scripts/Fantastic-Four.html
468,Fantastic-Mr-Fox,https://www.imsdb.com/scripts/Fantastic-Mr-Fox.html
469,Fargo,https://www.imsdb.com/scripts/Fargo.html
470,Fast-Times-at-Ridgemont-High,https://www.imsdb.com/scripts/Fast-Times-at-Ridgemont-High.html
471,Fatal-Instinct,https://www.imsdb.com/scripts/Fatal-Instinct.html
472,"Fault-in-Our-Stars,-The","https://www.imsdb.com/scripts/Fault-in-Our-Stars,-The.html"
473,Fear-and-Loathing-in-Las-Vegas,https://www.imsdb.com/scripts/Fear-and-Loathing-in-Las-Vegas.html
474,Feast,https://www.imsdb.com/scripts/Feast.html
475,Ferris-Bueller's-Day-Off,https://www.imsdb.com/scripts/Ferris-Bueller's-Day-Off.html
476,Field-of-Dreams,https://www.imsdb.com/scripts/Field-of-Dreams.html
477,"Fifth-Element,-The","https://www.imsdb.com/scripts/Fifth-Element,-The.html"
478,Fight-Club,https://www.imsdb.com/scripts/Fight-Club.html
479,"Fighter,-The","https://www.imsdb.com/scripts/Fighter,-The.html"
480,Final-Destination,https://www.imsdb.com/scripts/Final-Destination.html
481,Final-Destination-2,https://www.imsdb.com/scripts/Final-Destination-2.html
482,Finding-Nemo,https://www.imsdb.com/scripts/Finding-Nemo.html
483,Five-Easy-Pieces,https://www.imsdb.com/scripts/Five-Easy-Pieces.html
484,Flash-Gordon,https://www.imsdb.com/scripts/Flash-Gordon.html
485,Fletch,https://www.imsdb.com/scripts/Fletch.html
486,Flight,https://www.imsdb.com/scripts/Flight.html
487,"Flintstones,-The","https://www.imsdb.com/scripts/Flintstones,-The.html"
488,Forrest-Gump,https://www.imsdb.com/scripts/Forrest-Gump.html
489,Four-Feathers,https://www.imsdb.com/scripts/Four-Feathers.html
490,Four-Rooms,https://www.imsdb.com/scripts/Four-Rooms.html
491,Foxcatcher,https://www.imsdb.com/scripts/Foxcatcher.html
492,Fracture,https://www.imsdb.com/scripts/Fracture.html
493,Frances,https://www.imsdb.com/scripts/Frances.html
494,Frankenstein,https://www.imsdb.com/scripts/Frankenstein.html
495,Frankenweenie,https://www.imsdb.com/scripts/Frankenweenie.html
496,Freaked,https://www.imsdb.com/scripts/Freaked.html
497,Freddy-vs.-Jason,https://www.imsdb.com/scripts/Freddy-vs.-Jason.html
498,"French-Connection,-The","https://www.imsdb.com/scripts/French-Connection,-The.html"
499,Frequency,https://www.imsdb.com/scripts/Frequency.html
500,Friday-the-13th,https://www.imsdb.com/scripts/Friday-the-13th.html
501,Friday-the-13th-Part-VIII:-Jason-Takes-Manhattan,https://www.imsdb.com/scripts/Friday-the-13th-Part-VIII:-Jason-Takes-Manhattan.html
502,Fright-Night,https://www.imsdb.com/scripts/Fright-Night.html
503,Fright-Night-(1985),https://www.imsdb.com/scripts/Fright-Night-(1985).html
504,From-Dusk-Till-Dawn,https://www.imsdb.com/scripts/From-Dusk-Till-Dawn.html
505,From-Here-to-Eternity,https://www.imsdb.com/scripts/From-Here-to-Eternity.html
506,Frozen,https://www.imsdb.com/scripts/Frozen.html
507,Frozen-(Disney),https://www.imsdb.com/scripts/Frozen-(Disney).html
508,Frozen-River,https://www.imsdb.com/scripts/Frozen-River.html
509,Fruitvale-Station,https://www.imsdb.com/scripts/Fruitvale-Station.html
510,"Fugitive,-The","https://www.imsdb.com/scripts/Fugitive,-The.html"
511,Full-Metal-Jacket,https://www.imsdb.com/scripts/Full-Metal-Jacket.html
512,Funny-People,https://www.imsdb.com/scripts/Funny-People.html
513,Fury,https://www.imsdb.com/scripts/Fury.html
514,G.I.-Jane,https://www.imsdb.com/scripts/G.I.-Jane.html
515,G.I.-Joe:-The-Rise-of-Cobra,https://www.imsdb.com/scripts/G.I.-Joe:-The-Rise-of-Cobra.html
516,Game-6,https://www.imsdb.com/scripts/Game-6.html
517,"Game,-The","https://www.imsdb.com/scripts/Game,-The.html"
518,Gamer,https://www.imsdb.com/scripts/Gamer.html
519,Gandhi,https://www.imsdb.com/scripts/Gandhi.html
520,Gang-Related,https://www.imsdb.com/scripts/Gang-Related.html
521,Gangs-of-New-York,https://www.imsdb.com/scripts/Gangs-of-New-York.html
522,Garden-State,https://www.imsdb.com/scripts/Garden-State.html
523,Gattaca,https://www.imsdb.com/scripts/Gattaca.html
524,Get-Carter,https://www.imsdb.com/scripts/Get-Carter.html
525,Get-Low,https://www.imsdb.com/scripts/Get-Low.html
526,Get-on-Up,https://www.imsdb.com/scripts/Get-on-Up.html
527,Get-Out,https://www.imsdb.com/scripts/Get-Out.html
528,Get-Shorty,https://www.imsdb.com/scripts/Get-Shorty.html
529,"Getaway,-The","https://www.imsdb.com/scripts/Getaway,-The.html"
530,Ghost,https://www.imsdb.com/scripts/Ghost.html
531,"Ghost-and-the-Darkness,-The","https://www.imsdb.com/scripts/Ghost-and-the-Darkness,-The.html"
532,Ghost-Rider,https://www.imsdb.com/scripts/Ghost-Rider.html
533,Ghost-Ship,https://www.imsdb.com/scripts/Ghost-Ship.html
534,Ghost-World,https://www.imsdb.com/scripts/Ghost-World.html
535,Ghostbusters,https://www.imsdb.com/scripts/Ghostbusters.html
536,Ghostbusters-2,https://www.imsdb.com/scripts/Ghostbusters-2.html
537,Ginger-Snaps,https://www.imsdb.com/scripts/Ginger-Snaps.html
538,"Girl-with-the-Dragon-Tattoo,-The","https://www.imsdb.com/scripts/Girl-with-the-Dragon-Tattoo,-The.html"
539,Gladiator,https://www.imsdb.com/scripts/Gladiator.html
540,Glengarry-Glen-Gross,https://www.imsdb.com/scripts/Glengarry-Glen-Gross.html
541,Go,https://www.imsdb.com/scripts/Go.html
542,Godfather,https://www.imsdb.com/scripts/Godfather.html
543,Godfather-Part-II,https://www.imsdb.com/scripts/Godfather-Part-II.html
544,"Godfather-Part-III,-The","https://www.imsdb.com/scripts/Godfather-Part-III,-The.html"
545,Gods-and-Monsters,https://www.imsdb.com/scripts/Gods-and-Monsters.html
546,Godzilla,https://www.imsdb.com/scripts/Godzilla.html
547,Gone-Baby-Gone,https://www.imsdb.com/scripts/Gone-Baby-Gone.html
548,Gone-in-60-Seconds,https://www.imsdb.com/scripts/Gone-in-60-Seconds.html
549,"Good-Girl,-The","https://www.imsdb.com/scripts/Good-Girl,-The.html"
550,Good-Will-Hunting,https://www.imsdb.com/scripts/Good-Will-Hunting.html
551,Goodfellas,https://www.imsdb.com/scripts/Goodfellas.html
552,Gothika,https://www.imsdb.com/scripts/Gothika.html
553,Grabbers,https://www.imsdb.com/scripts/Grabbers.html
554,"Graduate,-The","https://www.imsdb.com/scripts/Graduate,-The.html"
555,Gran-Torino,https://www.imsdb.com/scripts/Gran-Torino.html
556,Grand-Hotel,https://www.imsdb.com/scripts/Grand-Hotel.html
557,Grand-Theft-Parsons,https://www.imsdb.com/scripts/Grand-Theft-Parsons.html
558,"Grapes-of-Wrath,-The","https://www.imsdb.com/scripts/Grapes-of-Wrath,-The.html"
559,Gravity,https://www.imsdb.com/scripts/Gravity.html
560,"Great-Gatsby,-The","https://www.imsdb.com/scripts/Great-Gatsby,-The.html"
561,"Green-Mile,-The","https://www.imsdb.com/scripts/Green-Mile,-The.html"
562,Gremlins,https://www.imsdb.com/scripts/Gremlins.html
563,Gremlins-2,https://www.imsdb.com/scripts/Gremlins-2.html
564,"Grifters,-The","https://www.imsdb.com/scripts/Grifters,-The.html"
565,Grosse-Point-Blank,https://www.imsdb.com/scripts/Grosse-Point-Blank.html
566,Groundhog-Day,https://www.imsdb.com/scripts/Groundhog-Day.html
567,"Grudge,-The","https://www.imsdb.com/scripts/Grudge,-The.html"
568,Guardians-of-the-Galaxy-Vol-2,https://www.imsdb.com/scripts/Guardians-of-the-Galaxy-Vol-2.html
569,Hackers,https://www.imsdb.com/scripts/Hackers.html
570,Hall-Pass,https://www.imsdb.com/scripts/Hall-Pass.html
571,Halloween,https://www.imsdb.com/scripts/Halloween.html
572,Halloween:-The-Curse-of-Michael-Myers,https://www.imsdb.com/scripts/Halloween:-The-Curse-of-Michael-Myers.html
573,Hancock,https://www.imsdb.com/scripts/Hancock.html
574,"Hangover,-The","https://www.imsdb.com/scripts/Hangover,-The.html"
575,Hanna,https://www.imsdb.com/scripts/Hanna.html
576,Hannah-and-Her-Sisters,https://www.imsdb.com/scripts/Hannah-and-Her-Sisters.html
577,Hannibal,https://www.imsdb.com/scripts/Hannibal.html
578,"Happy-Birthday,-Wanda-June","https://www.imsdb.com/scripts/Happy-Birthday,-Wanda-June.html"
579,Happy-Feet,https://www.imsdb.com/scripts/Happy-Feet.html
580,Hard-Rain,https://www.imsdb.com/scripts/Hard-Rain.html
581,Hard-to-Kill,https://www.imsdb.com/scripts/Hard-to-Kill.html
582,Harold-and-Kumar-Go-to-White-Castle,https://www.imsdb.com/scripts/Harold-and-Kumar-Go-to-White-Castle.html
583,Harry-Potter-and-the-Chamber-of-Secrets,https://www.imsdb.com/scripts/Harry-Potter-and-the-Chamber-of-Secrets.html
584,Harry-Potter-and-the-Deathly-Hallows-Part-1,https://www.imsdb.com/scripts/Harry-Potter-and-the-Deathly-Hallows-Part-1.html
585,Harry-Potter-and-the-Goblet-of-Fire,https://www.imsdb.com/scripts/Harry-Potter-and-the-Goblet-of-Fire.html
586,Harry-Potter-and-the-Half-Blood-Prince,https://www.imsdb.com/scripts/Harry-Potter-and-the-Half-Blood-Prince.html
587,Harry-Potter-and-the-Prisoner-of-Azkaban,https://www.imsdb.com/scripts/Harry-Potter-and-the-Prisoner-of-Azkaban.html
588,Harry-Potter-and-the-Sorcerer's-Stone,https://www.imsdb.com/scripts/Harry-Potter-and-the-Sorcerer's-Stone.html
589,"Haunting,-The","https://www.imsdb.com/scripts/Haunting,-The.html"
590,He's-Just-Not-That-Into-You,https://www.imsdb.com/scripts/He's-Just-Not-That-Into-You.html
591,Heat,https://www.imsdb.com/scripts/Heat.html
592,Heathers,https://www.imsdb.com/scripts/Heathers.html
593,Heavenly-Creatures,https://www.imsdb.com/scripts/Heavenly-Creatures.html
594,Heavy-Metal,https://www.imsdb.com/scripts/Heavy-Metal.html
595,"Hebrew-Hammer,-The","https://www.imsdb.com/scripts/Hebrew-Hammer,-The.html"
596,Heist,https://www.imsdb.com/scripts/Heist.html
597,Hellbound:-Hellraiser-II,https://www.imsdb.com/scripts/Hellbound:-Hellraiser-II.html
598,Hellboy,https://www.imsdb.com/scripts/Hellboy.html
599,Hellboy-2:-The-Golden-Army,https://www.imsdb.com/scripts/Hellboy-2:-The-Golden-Army.html
600,Hellraiser,https://www.imsdb.com/scripts/Hellraiser.html
601,Hellraiser-3:-Hell-on-Earth,https://www.imsdb.com/scripts/Hellraiser-3:-Hell-on-Earth.html
602,Hellraiser:-Deader,https://www.imsdb.com/scripts/Hellraiser:-Deader.html
603,Hellraiser:-Hellseeker,https://www.imsdb.com/scripts/Hellraiser:-Hellseeker.html
604,"Help,-The","https://www.imsdb.com/scripts/Help,-The.html"
605,Henry-Fool,https://www.imsdb.com/scripts/Henry-Fool.html
606,Henry's-Crime,https://www.imsdb.com/scripts/Henry's-Crime.html
607,Her,https://www.imsdb.com/scripts/Her.html
608,Hesher,https://www.imsdb.com/scripts/Hesher.html
609,High-Fidelity,https://www.imsdb.com/scripts/High-Fidelity.html
610,Highlander,https://www.imsdb.com/scripts/Highlander.html
611,Highlander:-Endgame,https://www.imsdb.com/scripts/Highlander:-Endgame.html
612,"Hills-Have-Eyes,-The","https://www.imsdb.com/scripts/Hills-Have-Eyes,-The.html"
613,His-Girl-Friday,https://www.imsdb.com/scripts/His-Girl-Friday.html
614,Hitchcock,https://www.imsdb.com/scripts/Hitchcock.html
615,"Hitchhiker's-Guide-to-the-Galaxy,-The","https://www.imsdb.com/scripts/Hitchhiker's-Guide-to-the-Galaxy,-The.html"
616,Hollow-Man,https://www.imsdb.com/scripts/Hollow-Man.html
617,Honeydripper,https://www.imsdb.com/scripts/Honeydripper.html
618,Horrible-Bosses,https://www.imsdb.com/scripts/Horrible-Bosses.html
619,"Horse-Whisperer,-The","https://www.imsdb.com/scripts/Horse-Whisperer,-The.html"
620,"Hospital,-The","https://www.imsdb.com/scripts/Hospital,-The.html"
621,Hostage,https://www.imsdb.com/scripts/Hostage.html
622,Hot-Tub-Time-Machine,https://www.imsdb.com/scripts/Hot-Tub-Time-Machine.html
623,Hotel-Rwanda,https://www.imsdb.com/scripts/Hotel-Rwanda.html
624,House-of-1000-Corpses,https://www.imsdb.com/scripts/House-of-1000-Corpses.html
625,How-to-Lose-Friends-&-Alienate-People,https://www.imsdb.com/scripts/How-to-Lose-Friends-&-Alienate-People.html
626,How-to-Train-Your-Dragon,https://www.imsdb.com/scripts/How-to-Train-Your-Dragon.html
627,How-to-Train-Your-Dragon-2,https://www.imsdb.com/scripts/How-to-Train-Your-Dragon-2.html
628,Hudson-Hawk,https://www.imsdb.com/scripts/Hudson-Hawk.html
629,"Hudsucker-Proxy,-The","https://www.imsdb.com/scripts/Hudsucker-Proxy,-The.html"
630,Human-Nature,https://www.imsdb.com/scripts/Human-Nature.html
631,"Hunt-for-Red-October,-The","https://www.imsdb.com/scripts/Hunt-for-Red-October,-The.html"
632,"Hurt-Locker,-The","https://www.imsdb.com/scripts/Hurt-Locker,-The.html"
633,I-Am-Number-Four,https://www.imsdb.com/scripts/I-Am-Number-Four.html
634,I-am-Sam,https://www.imsdb.com/scripts/I-am-Sam.html
635,I-Love-You-Phillip-Morris,https://www.imsdb.com/scripts/I-Love-You-Phillip-Morris.html
636,I-Spit-on-Your-Grave,https://www.imsdb.com/scripts/I-Spit-on-Your-Grave.html
637,I-Still-Know-What-You-Did-Last-Summer,https://www.imsdb.com/scripts/I-Still-Know-What-You-Did-Last-Summer.html
638,I'll-Do-Anything,https://www.imsdb.com/scripts/I'll-Do-Anything.html
639,"I,-Robot","https://www.imsdb.com/scripts/I,-Robot.html"
640,"Ice-Storm,-The","https://www.imsdb.com/scripts/Ice-Storm,-The.html"
641,"Ides-of-March,-The","https://www.imsdb.com/scripts/Ides-of-March,-The.html"
642,"Imaginarium-of-Doctor-Parnassus,-The","https://www.imsdb.com/scripts/Imaginarium-of-Doctor-Parnassus,-The.html"
643,In-the-Bedroom,https://www.imsdb.com/scripts/In-the-Bedroom.html
644,In-the-Loop,https://www.imsdb.com/scripts/In-the-Loop.html
645,Inception,https://www.imsdb.com/scripts/Inception.html
646,"Incredibles,-The","https://www.imsdb.com/scripts/Incredibles,-The.html"
647,Independence-Day,https://www.imsdb.com/scripts/Independence-Day.html
648,Indiana-Jones-and-the-Last-Crusade,https://www.imsdb.com/scripts/Indiana-Jones-and-the-Last-Crusade.html
649,Indiana-Jones-and-the-Raiders-of-the-Lost-Ark,https://www.imsdb.com/scripts/Indiana-Jones-and-the-Raiders-of-the-Lost-Ark.html
650,Indiana-Jones-and-the-Temple-of-Doom,https://www.imsdb.com/scripts/Indiana-Jones-and-the-Temple-of-Doom.html
651,Indiana-Jones-IV,https://www.imsdb.com/scripts/Indiana-Jones-IV.html
652,"Informant,-The","https://www.imsdb.com/scripts/Informant,-The.html"
653,Inglourious-Basterds,https://www.imsdb.com/scripts/Inglourious-Basterds.html
654,Innerspace,https://www.imsdb.com/scripts/Innerspace.html
655,"Insider,-The","https://www.imsdb.com/scripts/Insider,-The.html"
656,Insidious,https://www.imsdb.com/scripts/Insidious.html
657,Insomnia,https://www.imsdb.com/scripts/Insomnia.html
658,Interstellar,https://www.imsdb.com/scripts/Interstellar.html
659,Interview-with-the-Vampire,https://www.imsdb.com/scripts/Interview-with-the-Vampire.html
660,Into-the-Wild,https://www.imsdb.com/scripts/Into-the-Wild.html
661,Into-the-Woods,https://www.imsdb.com/scripts/Into-the-Woods.html
662,Intolerable-Cruelty,https://www.imsdb.com/scripts/Intolerable-Cruelty.html
663,Inventing-the-Abbotts,https://www.imsdb.com/scripts/Inventing-the-Abbotts.html
664,"Invention-of-Lying,-The","https://www.imsdb.com/scripts/Invention-of-Lying,-The.html"
665,Invictus,https://www.imsdb.com/scripts/Invictus.html
666,"Iron-Lady,-The","https://www.imsdb.com/scripts/Iron-Lady,-The.html"
667,"Island,-The","https://www.imsdb.com/scripts/Island,-The.html"
668,It,https://www.imsdb.com/scripts/It.html
669,It-Happened-One-Night,https://www.imsdb.com/scripts/It-Happened-One-Night.html
670,It-Happened-One-Night,https://www.imsdb.com/scripts/It-Happened-One-Night.html
671,It's-a-Wonderful-Life,https://www.imsdb.com/scripts/It's-a-Wonderful-Life.html
672,It's-Complicated,https://www.imsdb.com/scripts/It's-Complicated.html
673,"Italian-Job,-The","https://www.imsdb.com/scripts/Italian-Job,-The.html"
674,"Jacket,-The","https://www.imsdb.com/scripts/Jacket,-The.html"
675,Jackie-Brown,https://www.imsdb.com/scripts/Jackie-Brown.html
676,Jacob's-Ladder,https://www.imsdb.com/scripts/Jacob's-Ladder.html
677,Jade,https://www.imsdb.com/scripts/Jade.html
678,Jane-Eyre,https://www.imsdb.com/scripts/Jane-Eyre.html
679,Jason-X,https://www.imsdb.com/scripts/Jason-X.html
680,Jaws,https://www.imsdb.com/scripts/Jaws.html
681,Jaws-2,https://www.imsdb.com/scripts/Jaws-2.html
682,Jay-and-Silent-Bob-Strike-Back,https://www.imsdb.com/scripts/Jay-and-Silent-Bob-Strike-Back.html
683,Jennifer-Eight,https://www.imsdb.com/scripts/Jennifer-Eight.html
684,Jennifer's-Body,https://www.imsdb.com/scripts/Jennifer's-Body.html
685,Jerry-Maguire,https://www.imsdb.com/scripts/Jerry-Maguire.html
686,Jeux-Interdits,https://www.imsdb.com/scripts/Jeux-Interdits.html
687,JFK,https://www.imsdb.com/scripts/JFK.html
688,Jimmy-and-Judy,https://www.imsdb.com/scripts/Jimmy-and-Judy.html
689,John-Q,https://www.imsdb.com/scripts/John-Q.html
690,John-Wick,https://www.imsdb.com/scripts/John-Wick.html
691,Joker,https://www.imsdb.com/scripts/Joker.html
692,Judge-Dredd,https://www.imsdb.com/scripts/Judge-Dredd.html
693,Juno,https://www.imsdb.com/scripts/Juno.html
694,Jurassic-Park,https://www.imsdb.com/scripts/Jurassic-Park.html
695,Jurassic-Park-III,https://www.imsdb.com/scripts/Jurassic-Park-III.html
696,Jurassic-Park:-The-Lost-World,https://www.imsdb.com/scripts/Jurassic-Park:-The-Lost-World.html
697,Kafka,https://www.imsdb.com/scripts/Kafka.html
698,Kalifornia,https://www.imsdb.com/scripts/Kalifornia.html
699,Kate-&-Leopold,https://www.imsdb.com/scripts/Kate-&-Leopold.html
700,Kids,https://www.imsdb.com/scripts/Kids.html
701,"Kids-Are-All-Right,-The","https://www.imsdb.com/scripts/Kids-Are-All-Right,-The.html"
702,Kill-Bill-Volume-1-&-2,https://www.imsdb.com/scripts/Kill-Bill-Volume-1-&-2.html
703,Kill-Your-Darlings,https://www.imsdb.com/scripts/Kill-Your-Darlings.html
704,Killing-Zoe,https://www.imsdb.com/scripts/Killing-Zoe.html
705,King-Kong,https://www.imsdb.com/scripts/King-Kong.html
706,"King-of-Comedy,-The","https://www.imsdb.com/scripts/King-of-Comedy,-The.html"
707,"King's-Speech,-The","https://www.imsdb.com/scripts/King's-Speech,-The.html"
708,"Kingdom,-The","https://www.imsdb.com/scripts/Kingdom,-The.html"
709,Kiss-of-the-Spider-Woman,https://www.imsdb.com/scripts/Kiss-of-the-Spider-Woman.html
710,Klute,https://www.imsdb.com/scripts/Klute.html
711,Knocked-Up,https://www.imsdb.com/scripts/Knocked-Up.html
712,Kramer-vs-Kramer,https://www.imsdb.com/scripts/Kramer-vs-Kramer.html
713,Kundun,https://www.imsdb.com/scripts/Kundun.html
714,Kung-Fu-Panda,https://www.imsdb.com/scripts/Kung-Fu-Panda.html
715,L.A.-Confidential,https://www.imsdb.com/scripts/L.A.-Confidential.html
716,La-La-Land,https://www.imsdb.com/scripts/La-La-Land.html
717,Labor-of-Love,https://www.imsdb.com/scripts/Labor-of-Love.html
718,Labyrinth,https://www.imsdb.com/scripts/Labyrinth.html
719,"Ladykillers,-The","https://www.imsdb.com/scripts/Ladykillers,-The.html"
720,Lake-Placid,https://www.imsdb.com/scripts/Lake-Placid.html
721,Land-of-the-Dead,https://www.imsdb.com/scripts/Land-of-the-Dead.html
722,Larry-Crowne,https://www.imsdb.com/scripts/Larry-Crowne.html
723,"Last-Boy-Scout,-The","https://www.imsdb.com/scripts/Last-Boy-Scout,-The.html"
724,Last-Chance-Harvey,https://www.imsdb.com/scripts/Last-Chance-Harvey.html
725,"Last-Flight,-The","https://www.imsdb.com/scripts/Last-Flight,-The.html"
726,"Last-of-the-Mohicans,-The","https://www.imsdb.com/scripts/Last-of-the-Mohicans,-The.html"
727,"Last-Samurai,-The","https://www.imsdb.com/scripts/Last-Samurai,-The.html"
728,"Last-Station,-The","https://www.imsdb.com/scripts/Last-Station,-The.html"
729,Last-Tango-in-Paris,https://www.imsdb.com/scripts/Last-Tango-in-Paris.html
730,Law-Abiding-Citizen,https://www.imsdb.com/scripts/Law-Abiding-Citizen.html
731,Le-Diable-par-la-Queue,https://www.imsdb.com/scripts/Le-Diable-par-la-Queue.html
732,Leaving-Las-Vegas,https://www.imsdb.com/scripts/Leaving-Las-Vegas.html
733,Legally-Blonde,https://www.imsdb.com/scripts/Legally-Blonde.html
734,Legend,https://www.imsdb.com/scripts/Legend.html
735,Legion,https://www.imsdb.com/scripts/Legion.html
736,"LEGO-Movie,-The","https://www.imsdb.com/scripts/LEGO-Movie,-The.html"
737,Les-Miserables,https://www.imsdb.com/scripts/Les-Miserables.html
738,Les-Tontons-Flingueurs,https://www.imsdb.com/scripts/Les-Tontons-Flingueurs.html
739,Lethal-Weapon,https://www.imsdb.com/scripts/Lethal-Weapon.html
740,Lethal-Weapon-4,https://www.imsdb.com/scripts/Lethal-Weapon-4.html
741,Leviathan,https://www.imsdb.com/scripts/Leviathan.html
742,Liar-Liar,https://www.imsdb.com/scripts/Liar-Liar.html
743,Life,https://www.imsdb.com/scripts/Life.html
744,Life-As-A-House,https://www.imsdb.com/scripts/Life-As-A-House.html
745,"Life-of-David-Gale,-The","https://www.imsdb.com/scripts/Life-of-David-Gale,-The.html"
746,Life-of-Pi,https://www.imsdb.com/scripts/Life-of-Pi.html
747,Light-Sleeper,https://www.imsdb.com/scripts/Light-Sleeper.html
748,"Limey,-The","https://www.imsdb.com/scripts/Limey,-The.html"
749,Limitless,https://www.imsdb.com/scripts/Limitless.html
750,Lincoln,https://www.imsdb.com/scripts/Lincoln.html
751,"Lincoln-Lawyer,-The","https://www.imsdb.com/scripts/Lincoln-Lawyer,-The.html"
752,"Lion-King,-The","https://www.imsdb.com/scripts/Lion-King,-The.html"
753,Little-Athens,https://www.imsdb.com/scripts/Little-Athens.html
754,Little-Men,https://www.imsdb.com/scripts/Little-Men.html
755,"Little-Mermaid,-The","https://www.imsdb.com/scripts/Little-Mermaid,-The.html"
756,Little-Nicky,https://www.imsdb.com/scripts/Little-Nicky.html
757,Living-in-Oblivion,https://www.imsdb.com/scripts/Living-in-Oblivion.html
758,"Lock,-Stock-and-Two-Smoking-Barrels","https://www.imsdb.com/scripts/Lock,-Stock-and-Two-Smoking-Barrels.html"
759,Logan,https://www.imsdb.com/scripts/Logan.html
760,Logan's-Run,https://www.imsdb.com/scripts/Logan's-Run.html
761,Lone-Star,https://www.imsdb.com/scripts/Lone-Star.html
762,"Long-Kiss-Goodnight,-The","https://www.imsdb.com/scripts/Long-Kiss-Goodnight,-The.html"
763,Looper,https://www.imsdb.com/scripts/Looper.html
764,Lord-of-Illusions,https://www.imsdb.com/scripts/Lord-of-Illusions.html
765,"Lord-of-the-Rings:-Fellowship-of-the-Ring,-The","https://www.imsdb.com/scripts/Lord-of-the-Rings:-Fellowship-of-the-Ring,-The.html"
766,Lord-of-the-Rings:-Return-of-the-King,https://www.imsdb.com/scripts/Lord-of-the-Rings:-Return-of-the-King.html
767,Lord-of-the-Rings:-The-Two-Towers,https://www.imsdb.com/scripts/Lord-of-the-Rings:-The-Two-Towers.html
768,Lord-of-War,https://www.imsdb.com/scripts/Lord-of-War.html
769,"Losers,-The","https://www.imsdb.com/scripts/Losers,-The.html"
770,Lost-Highway,https://www.imsdb.com/scripts/Lost-Highway.html
771,Lost-Horizon,https://www.imsdb.com/scripts/Lost-Horizon.html
772,Lost-in-Space,https://www.imsdb.com/scripts/Lost-in-Space.html
773,Lost-in-Translation,https://www.imsdb.com/scripts/Lost-in-Translation.html
774,Love-and-Basketball,https://www.imsdb.com/scripts/Love-and-Basketball.html
775,Machete,https://www.imsdb.com/scripts/Machete.html
776,Machine-Gun-Preacher,https://www.imsdb.com/scripts/Machine-Gun-Preacher.html
777,Mad-Max-2:-The-Road-Warrior,https://www.imsdb.com/scripts/Mad-Max-2:-The-Road-Warrior.html
778,Made,https://www.imsdb.com/scripts/Made.html
779,Magnolia,https://www.imsdb.com/scripts/Magnolia.html
780,"Majestic,-The-(The-Bijou)","https://www.imsdb.com/scripts/Majestic,-The-(The-Bijou).html"
781,Major-League,https://www.imsdb.com/scripts/Major-League.html
782,Malcolm-X,https://www.imsdb.com/scripts/Malcolm-X.html
783,Malibu's-Most-Wanted,https://www.imsdb.com/scripts/Malibu's-Most-Wanted.html
784,Man-in-the-Iron-Mask,https://www.imsdb.com/scripts/Man-in-the-Iron-Mask.html
785,Man-On-Fire,https://www.imsdb.com/scripts/Man-On-Fire.html
786,Man-on-the-Moon,https://www.imsdb.com/scripts/Man-on-the-Moon.html
787,Man-Trouble,https://www.imsdb.com/scripts/Man-Trouble.html
788,"Man-Who-Knew-Too-Much,-The","https://www.imsdb.com/scripts/Man-Who-Knew-Too-Much,-The.html"
789,"Man-Who-Wasn't-There,-The","https://www.imsdb.com/scripts/Man-Who-Wasn't-There,-The.html"
790,"Manchurian-Candidate,-The","https://www.imsdb.com/scripts/Manchurian-Candidate,-The.html"
791,Manhattan-Murder-Mystery,https://www.imsdb.com/scripts/Manhattan-Murder-Mystery.html
792,Manhunter,https://www.imsdb.com/scripts/Manhunter.html
793,Margaret,https://www.imsdb.com/scripts/Margaret.html
794,Margin-Call,https://www.imsdb.com/scripts/Margin-Call.html
795,Margot-at-the-Wedding,https://www.imsdb.com/scripts/Margot-at-the-Wedding.html
796,"Mariachi,-El","https://www.imsdb.com/scripts/Mariachi,-El.html"
797,Marley-&-Me,https://www.imsdb.com/scripts/Marley-&-Me.html
798,Martha-Marcy-May-Marlene,https://www.imsdb.com/scripts/Martha-Marcy-May-Marlene.html
799,"Martian,-The","https://www.imsdb.com/scripts/Martian,-The.html"
800,Marty,https://www.imsdb.com/scripts/Marty.html
801,Mary-Poppins,https://www.imsdb.com/scripts/Mary-Poppins.html
802,"Mask,-The","https://www.imsdb.com/scripts/Mask,-The.html"
803,Master-and-Commander,https://www.imsdb.com/scripts/Master-and-Commander.html
804,"Master,-The","https://www.imsdb.com/scripts/Master,-The.html"
805,Matchstick-Men,https://www.imsdb.com/scripts/Matchstick-Men.html
806,"Matrix-Reloaded,-The","https://www.imsdb.com/scripts/Matrix-Reloaded,-The.html"
807,"Matrix,-The","https://www.imsdb.com/scripts/Matrix,-The.html"
808,Max-Payne,https://www.imsdb.com/scripts/Max-Payne.html
809,Mean-Streets,https://www.imsdb.com/scripts/Mean-Streets.html
810,"Mechanic,-The","https://www.imsdb.com/scripts/Mechanic,-The.html"
811,Meet-Joe-Black,https://www.imsdb.com/scripts/Meet-Joe-Black.html
812,Meet-John-Doe,https://www.imsdb.com/scripts/Meet-John-Doe.html
813,Megamind,https://www.imsdb.com/scripts/Megamind.html
814,Memento,https://www.imsdb.com/scripts/Memento.html
815,Men-in-Black,https://www.imsdb.com/scripts/Men-in-Black.html
816,Men-in-Black-3,https://www.imsdb.com/scripts/Men-in-Black-3.html
817,"Men-Who-Stare-at-Goats,-The","https://www.imsdb.com/scripts/Men-Who-Stare-at-Goats,-The.html"
818,Metro,https://www.imsdb.com/scripts/Metro.html
819,Miami-Vice,https://www.imsdb.com/scripts/Miami-Vice.html
820,Midnight-Cowboy,https://www.imsdb.com/scripts/Midnight-Cowboy.html
821,Midnight-Express,https://www.imsdb.com/scripts/Midnight-Express.html
822,Midnight-in-Paris,https://www.imsdb.com/scripts/Midnight-in-Paris.html
823,Mighty-Joe-Young,https://www.imsdb.com/scripts/Mighty-Joe-Young.html
824,Mighty-Morphin-Power-Rangers:-The-Movie,https://www.imsdb.com/scripts/Mighty-Morphin-Power-Rangers:-The-Movie.html
825,Milk,https://www.imsdb.com/scripts/Milk.html
826,Miller's-Crossing,https://www.imsdb.com/scripts/Miller's-Crossing.html
827,Mimic,https://www.imsdb.com/scripts/Mimic.html
828,Mini's-First-Time,https://www.imsdb.com/scripts/Mini's-First-Time.html
829,Minority-Report,https://www.imsdb.com/scripts/Minority-Report.html
830,"Miracle-Worker,-The","https://www.imsdb.com/scripts/Miracle-Worker,-The.html"
831,Mirrors,https://www.imsdb.com/scripts/Mirrors.html
832,Misery,https://www.imsdb.com/scripts/Misery.html
833,Mission-Impossible,https://www.imsdb.com/scripts/Mission-Impossible.html
834,Mission-Impossible-II,https://www.imsdb.com/scripts/Mission-Impossible-II.html
835,Mission-to-Mars,https://www.imsdb.com/scripts/Mission-to-Mars.html
836,Moneyball,https://www.imsdb.com/scripts/Moneyball.html
837,Monkeybone,https://www.imsdb.com/scripts/Monkeybone.html
838,Monster's-Ball,https://www.imsdb.com/scripts/Monster's-Ball.html
839,Monte-Carlo,https://www.imsdb.com/scripts/Monte-Carlo.html
840,Moon,https://www.imsdb.com/scripts/Moon.html
841,Moonrise-Kingdom,https://www.imsdb.com/scripts/Moonrise-Kingdom.html
842,Moonstruck,https://www.imsdb.com/scripts/Moonstruck.html
843,Mr-Blandings-Builds-His-Dream-House,https://www.imsdb.com/scripts/Mr-Blandings-Builds-His-Dream-House.html
844,Mr-Brooks,https://www.imsdb.com/scripts/Mr-Brooks.html
845,Mr-Deeds-Goes-to-Town,https://www.imsdb.com/scripts/Mr-Deeds-Goes-to-Town.html
846,Mr.-Holland's-Opus,https://www.imsdb.com/scripts/Mr.-Holland's-Opus.html
847,Mrs.-Brown,https://www.imsdb.com/scripts/Mrs.-Brown.html
848,Mud,https://www.imsdb.com/scripts/Mud.html
849,Mulan,https://www.imsdb.com/scripts/Mulan.html
850,Mulholland-Drive,https://www.imsdb.com/scripts/Mulholland-Drive.html
851,Mumford,https://www.imsdb.com/scripts/Mumford.html
852,"Mummy,-The","https://www.imsdb.com/scripts/Mummy,-The.html"
853,Music-of-the-Heart,https://www.imsdb.com/scripts/Music-of-the-Heart.html
854,Mute-Witness,https://www.imsdb.com/scripts/Mute-Witness.html
855,My-Best-Friend's-Wedding,https://www.imsdb.com/scripts/My-Best-Friend's-Wedding.html
856,My-Girl,https://www.imsdb.com/scripts/My-Girl.html
857,My-Mother-Dreams-the-Satan's-Disciples-in-New-York,https://www.imsdb.com/scripts/My-Mother-Dreams-the-Satan's-Disciples-in-New-York.html
858,My-Week-with-Marilyn,https://www.imsdb.com/scripts/My-Week-with-Marilyn.html
859,Mystery-Men,https://www.imsdb.com/scripts/Mystery-Men.html
860,Napoleon-Dynamite,https://www.imsdb.com/scripts/Napoleon-Dynamite.html
861,Nashville,https://www.imsdb.com/scripts/Nashville.html
862,Natural-Born-Killers,https://www.imsdb.com/scripts/Natural-Born-Killers.html
863,Never-Been-Kissed,https://www.imsdb.com/scripts/Never-Been-Kissed.html
864,"Neverending-Story,-The","https://www.imsdb.com/scripts/Neverending-Story,-The.html"
865,New-York-Minute,https://www.imsdb.com/scripts/New-York-Minute.html
866,Newsies,https://www.imsdb.com/scripts/Newsies.html
867,Next,https://www.imsdb.com/scripts/Next.html
868,Next-Friday,https://www.imsdb.com/scripts/Next-Friday.html
869,"Next-Three-Days,-The","https://www.imsdb.com/scripts/Next-Three-Days,-The.html"
870,Ni-vu-ni-connu,https://www.imsdb.com/scripts/Ni-vu-ni-connu.html
871,Nick-of-Time,https://www.imsdb.com/scripts/Nick-of-Time.html
872,Night-Time-(The-Poltergeist-Treatment),https://www.imsdb.com/scripts/Night-Time-(The-Poltergeist-Treatment).html
873,Nightbreed,https://www.imsdb.com/scripts/Nightbreed.html
874,"Nightmare-Before-Christmas,-The","https://www.imsdb.com/scripts/Nightmare-Before-Christmas,-The.html"
875,"Nightmare-Before-Christmas,-The","https://www.imsdb.com/scripts/Nightmare-Before-Christmas,-The.html"
876,"Nightmare-on-Elm-Street,-A","https://www.imsdb.com/scripts/Nightmare-on-Elm-Street,-A.html"
877,Nightmare-on-Elm-Street:-The-Final-Chapter,https://www.imsdb.com/scripts/Nightmare-on-Elm-Street:-The-Final-Chapter.html
878,Nine,https://www.imsdb.com/scripts/Nine.html
879,"Nines,-The","https://www.imsdb.com/scripts/Nines,-The.html"
880,Ninja-Assassin,https://www.imsdb.com/scripts/Ninja-Assassin.html
881,Ninotchka,https://www.imsdb.com/scripts/Ninotchka.html
882,"Ninth-Gate,-The","https://www.imsdb.com/scripts/Ninth-Gate,-The.html"
883,No-Country-for-Old-Men,https://www.imsdb.com/scripts/No-Country-for-Old-Men.html
884,No-Strings-Attached,https://www.imsdb.com/scripts/No-Strings-Attached.html
885,Notting-Hill,https://www.imsdb.com/scripts/Notting-Hill.html
886,Nurse-Betty,https://www.imsdb.com/scripts/Nurse-Betty.html
887,O-Brother-Where-Art-Thou?,https://www.imsdb.com/scripts/O-Brother-Where-Art-Thou?.html
888,Oblivion,https://www.imsdb.com/scripts/Oblivion.html
889,Observe-and-Report,https://www.imsdb.com/scripts/Observe-and-Report.html
890,Obsessed,https://www.imsdb.com/scripts/Obsessed.html
891,Ocean's-Eleven,https://www.imsdb.com/scripts/Ocean's-Eleven.html
892,Ocean's-Twelve,https://www.imsdb.com/scripts/Ocean's-Twelve.html
893,Office-Space,https://www.imsdb.com/scripts/Office-Space.html
894,"Officer-and-a-Gentleman,-An","https://www.imsdb.com/scripts/Officer-and-a-Gentleman,-An.html"
895,Omega-Man,https://www.imsdb.com/scripts/Omega-Man.html
896,One-Flew-Over-the-Cuckoo's-Nest,https://www.imsdb.com/scripts/One-Flew-Over-the-Cuckoo's-Nest.html
897,Only-God-Forgives,https://www.imsdb.com/scripts/Only-God-Forgives.html
898,Ordinary-People,https://www.imsdb.com/scripts/Ordinary-People.html
899,Orgy-of-the-Dead,https://www.imsdb.com/scripts/Orgy-of-the-Dead.html
900,Orphan,https://www.imsdb.com/scripts/Orphan.html
901,"Other-Boleyn-Girl,-The","https://www.imsdb.com/scripts/Other-Boleyn-Girl,-The.html"
902,Out-of-Sight,https://www.imsdb.com/scripts/Out-of-Sight.html
903,Outbreak,https://www.imsdb.com/scripts/Outbreak.html
904,"Pacifier,-The","https://www.imsdb.com/scripts/Pacifier,-The.html"
905,Pandorum,https://www.imsdb.com/scripts/Pandorum.html
906,Panic-Room,https://www.imsdb.com/scripts/Panic-Room.html
907,Papadopoulos-&-Sons,https://www.imsdb.com/scripts/Papadopoulos-&-Sons.html
908,ParaNorman,https://www.imsdb.com/scripts/ParaNorman.html
909,Pariah,https://www.imsdb.com/scripts/Pariah.html
910,Passengers,https://www.imsdb.com/scripts/Passengers.html
911,"Passion-of-Joan-of-Arc,-The","https://www.imsdb.com/scripts/Passion-of-Joan-of-Arc,-The.html"
912,"Patriot,-The","https://www.imsdb.com/scripts/Patriot,-The.html"
913,Paul,https://www.imsdb.com/scripts/Paul.html
914,Pearl-Harbor,https://www.imsdb.com/scripts/Pearl-Harbor.html
915,Peeping-Tom,https://www.imsdb.com/scripts/Peeping-Tom.html
916,Peggy-Sue-Got-Married,https://www.imsdb.com/scripts/Peggy-Sue-Got-Married.html
917,Perfect-Creature,https://www.imsdb.com/scripts/Perfect-Creature.html
918,"Perfect-World,-A","https://www.imsdb.com/scripts/Perfect-World,-A.html"
919,"Perks-of-Being-a-Wallflower,-The","https://www.imsdb.com/scripts/Perks-of-Being-a-Wallflower,-The.html"
920,Pet-Sematary,https://www.imsdb.com/scripts/Pet-Sematary.html
921,Pet-Sematary-II,https://www.imsdb.com/scripts/Pet-Sematary-II.html
922,Petulia,https://www.imsdb.com/scripts/Petulia.html
923,Philadelphia,https://www.imsdb.com/scripts/Philadelphia.html
924,Phone-Booth,https://www.imsdb.com/scripts/Phone-Booth.html
925,Pi,https://www.imsdb.com/scripts/Pi.html
926,"Pianist,-The","https://www.imsdb.com/scripts/Pianist,-The.html"
927,"Piano,-The","https://www.imsdb.com/scripts/Piano,-The.html"
928,Pineapple-Express,https://www.imsdb.com/scripts/Pineapple-Express.html
929,Pirates-of-the-Caribbean,https://www.imsdb.com/scripts/Pirates-of-the-Caribbean.html
930,Pirates-of-the-Caribbean:-Dead-Man's-Chest,https://www.imsdb.com/scripts/Pirates-of-the-Caribbean:-Dead-Man's-Chest.html
931,Pitch-Black,https://www.imsdb.com/scripts/Pitch-Black.html
932,"Planet-of-the-Apes,-The","https://www.imsdb.com/scripts/Planet-of-the-Apes,-The.html"
933,Platinum-Blonde,https://www.imsdb.com/scripts/Platinum-Blonde.html
934,Platoon,https://www.imsdb.com/scripts/Platoon.html
935,Pleasantville,https://www.imsdb.com/scripts/Pleasantville.html
936,Point-Break,https://www.imsdb.com/scripts/Point-Break.html
937,Pokemon:-Mewtwo-Returns,https://www.imsdb.com/scripts/Pokemon:-Mewtwo-Returns.html
938,"Postman,-The","https://www.imsdb.com/scripts/Postman,-The.html"
939,"Power-of-One,-The","https://www.imsdb.com/scripts/Power-of-One,-The.html"
940,Precious,https://www.imsdb.com/scripts/Precious.html
941,Predator,https://www.imsdb.com/scripts/Predator.html
942,"Prestige,-The","https://www.imsdb.com/scripts/Prestige,-The.html"
943,Pretty-Woman,https://www.imsdb.com/scripts/Pretty-Woman.html
944,Pretty-Woman-(final-script),https://www.imsdb.com/scripts/Pretty-Woman-(final-script).html
945,Pride-and-Prejudice,https://www.imsdb.com/scripts/Pride-and-Prejudice.html
946,Priest,https://www.imsdb.com/scripts/Priest.html
947,"Princess-Bride,-The","https://www.imsdb.com/scripts/Princess-Bride,-The.html"
948,"Private-Life-of-Sherlock-Holmes,-The","https://www.imsdb.com/scripts/Private-Life-of-Sherlock-Holmes,-The.html"
949,"Producer,-The","https://www.imsdb.com/scripts/Producer,-The.html"
950,"Program,-The","https://www.imsdb.com/scripts/Program,-The.html"
951,Prom-Night,https://www.imsdb.com/scripts/Prom-Night.html
952,Prometheus,https://www.imsdb.com/scripts/Prometheus.html
953,"Prophecy,-The","https://www.imsdb.com/scripts/Prophecy,-The.html"
954,"Proposal,-The","https://www.imsdb.com/scripts/Proposal,-The.html"
955,Psycho,https://www.imsdb.com/scripts/Psycho.html
956,Public-Enemies,https://www.imsdb.com/scripts/Public-Enemies.html
957,Pulp-Fiction,https://www.imsdb.com/scripts/Pulp-Fiction.html
958,Punch-Drunk-Love,https://www.imsdb.com/scripts/Punch-Drunk-Love.html
959,Purple-Rain,https://www.imsdb.com/scripts/Purple-Rain.html
960,Quantum-Project,https://www.imsdb.com/scripts/Quantum-Project.html
961,Queen-of-the-Damned,https://www.imsdb.com/scripts/Queen-of-the-Damned.html
962,"Queen,-The","https://www.imsdb.com/scripts/Queen,-The.html"
963,Rachel-Getting-Married,https://www.imsdb.com/scripts/Rachel-Getting-Married.html
964,Raging-Bull,https://www.imsdb.com/scripts/Raging-Bull.html
965,Raising-Arizona,https://www.imsdb.com/scripts/Raising-Arizona.html
966,Rambling-Rose,https://www.imsdb.com/scripts/Rambling-Rose.html
967,Rambo:-First-Blood-II:-The-Mission,https://www.imsdb.com/scripts/Rambo:-First-Blood-II:-The-Mission.html
968,"Reader,-The","https://www.imsdb.com/scripts/Reader,-The.html"
969,Real-Genius,https://www.imsdb.com/scripts/Real-Genius.html
970,Rear-Window,https://www.imsdb.com/scripts/Rear-Window.html
971,Rebel-Without-A-Cause,https://www.imsdb.com/scripts/Rebel-Without-A-Cause.html
972,Red-Planet,https://www.imsdb.com/scripts/Red-Planet.html
973,Red-Riding-Hood,https://www.imsdb.com/scripts/Red-Riding-Hood.html
974,Reindeer-Games,https://www.imsdb.com/scripts/Reindeer-Games.html
975,"Relic,-The","https://www.imsdb.com/scripts/Relic,-The.html"
976,Remember-Me,https://www.imsdb.com/scripts/Remember-Me.html
977,"Replacements,-The","https://www.imsdb.com/scripts/Replacements,-The.html"
978,Repo-Man,https://www.imsdb.com/scripts/Repo-Man.html
979,"Rescuers-Down-Under,-The","https://www.imsdb.com/scripts/Rescuers-Down-Under,-The.html"
980,Reservoir-Dogs,https://www.imsdb.com/scripts/Reservoir-Dogs.html
981,Resident-Evil,https://www.imsdb.com/scripts/Resident-Evil.html
982,Return-of-the-Apes,https://www.imsdb.com/scripts/Return-of-the-Apes.html
983,"Revenant,-The","https://www.imsdb.com/scripts/Revenant,-The.html"
984,Revolutionary-Road,https://www.imsdb.com/scripts/Revolutionary-Road.html
985,Ringu,https://www.imsdb.com/scripts/Ringu.html
986,Rise-of-the-Guardians,https://www.imsdb.com/scripts/Rise-of-the-Guardians.html
987,Rise-of-the-Planet-of-the-Apes,https://www.imsdb.com/scripts/Rise-of-the-Planet-of-the-Apes.html
988,RKO-281,https://www.imsdb.com/scripts/RKO-281.html
989,"Road,-The","https://www.imsdb.com/scripts/Road,-The.html"
990,Robin-Hood:-Prince-of-Thieves,https://www.imsdb.com/scripts/Robin-Hood:-Prince-of-Thieves.html
991,Robocop,https://www.imsdb.com/scripts/Robocop.html
992,"Rock,-The","https://www.imsdb.com/scripts/Rock,-The.html"
993,RocknRolla,https://www.imsdb.com/scripts/RocknRolla.html
994,Rocky,https://www.imsdb.com/scripts/Rocky.html
995,"Rocky-Horror-Picture-Show,-The","https://www.imsdb.com/scripts/Rocky-Horror-Picture-Show,-The.html"
996,Romeo-&-Juliet,https://www.imsdb.com/scripts/Romeo-&-Juliet.html
997,Ronin,https://www.imsdb.com/scripts/Ronin.html
998,Room,https://www.imsdb.com/scripts/Room.html
999,"Roommate,-The","https://www.imsdb.com/scripts/Roommate,-The.html"
1000,Roughshod,https://www.imsdb.com/scripts/Roughshod.html
1001,"Ruins,-The","https://www.imsdb.com/scripts/Ruins,-The.html"
1002,Runaway-Bride,https://www.imsdb.com/scripts/Runaway-Bride.html
1003,Rush,https://www.imsdb.com/scripts/Rush.html
1004,Rush-Hour,https://www.imsdb.com/scripts/Rush-Hour.html
1005,Rush-Hour-2,https://www.imsdb.com/scripts/Rush-Hour-2.html
1006,Rushmore,https://www.imsdb.com/scripts/Rushmore.html
1007,Rust-and-Bone,https://www.imsdb.com/scripts/Rust-and-Bone.html
1008,.-Darko,https://www.imsdb.com/scripts/.-Darko.html
1009,"aint,-The","https://www.imsdb.com/scripts/aint,-The.html"
1010,"alton-Sea,-The","https://www.imsdb.com/scripts/alton-Sea,-The.html"
1011,"andlot-Kids,-The","https://www.imsdb.com/scripts/andlot-Kids,-The.html"
1012,ave-the-Last-Dance,https://www.imsdb.com/scripts/ave-the-Last-Dance.html
1013,aving-Mr.-Banks,https://www.imsdb.com/scripts/aving-Mr.-Banks.html
1014,aving-Private-Ryan,https://www.imsdb.com/scripts/aving-Private-Ryan.html
1015,aw,https://www.imsdb.com/scripts/aw.html
1016,arface,https://www.imsdb.com/scripts/arface.html
1017,ary-Movie-2,https://www.imsdb.com/scripts/ary-Movie-2.html
1018,hindler's-List,https://www.imsdb.com/scripts/hindler's-List.html
1019,ott-Pilgrim-vs-the-World,https://www.imsdb.com/scripts/ott-Pilgrim-vs-the-World.html
1020,eam,https://www.imsdb.com/scripts/eam.html
1021,eam-2,https://www.imsdb.com/scripts/eam-2.html
1022,eam-3,https://www.imsdb.com/scripts/eam-3.html
1023,e7en,https://www.imsdb.com/scripts/e7en.html
1024,"earchers,-The","https://www.imsdb.com/scripts/earchers,-The.html"
1025,"ecret-Life-of-Walter-Mitty,-The","https://www.imsdb.com/scripts/ecret-Life-of-Walter-Mitty,-The.html"
1026,emi-Pro,https://www.imsdb.com/scripts/emi-Pro.html
1027,ense-and-Sensibility,https://www.imsdb.com/scripts/ense-and-Sensibility.html
1028,erenity,https://www.imsdb.com/scripts/erenity.html
1029,erial-Mom,https://www.imsdb.com/scripts/erial-Mom.html
1030,"essions,-The","https://www.imsdb.com/scripts/essions,-The.html"
1031,"eventh-Seal,-The","https://www.imsdb.com/scripts/eventh-Seal,-The.html"
1032,ex-and-the-City,https://www.imsdb.com/scripts/ex-and-the-City.html
1033,"ex,-Lies-and-Videotape","https://www.imsdb.com/scripts/ex,-Lies-and-Videotape.html"
1034,exual-Life,https://www.imsdb.com/scripts/exual-Life.html
1035,hadow-of-the-Vampire,https://www.imsdb.com/scripts/hadow-of-the-Vampire.html
1036,hakespeare-in-Love,https://www.imsdb.com/scripts/hakespeare-in-Love.html
1037,hallow-Grave,https://www.imsdb.com/scripts/hallow-Grave.html
1038,hame,https://www.imsdb.com/scripts/hame.html
1039,hampoo,https://www.imsdb.com/scripts/hampoo.html
1040,"hawshank-Redemption,-The","https://www.imsdb.com/scripts/hawshank-Redemption,-The.html"
1041,he's-Out-of-My-League,https://www.imsdb.com/scripts/he's-Out-of-My-League.html
1042,herlock-Holmes,https://www.imsdb.com/scripts/herlock-Holmes.html
1043,hifty,https://www.imsdb.com/scripts/hifty.html
1044,"hining,-The","https://www.imsdb.com/scripts/hining,-The.html"
1045,"hipping-News,-The","https://www.imsdb.com/scripts/hipping-News,-The.html"
1046,hivers,https://www.imsdb.com/scripts/hivers.html
1047,hrek,https://www.imsdb.com/scripts/hrek.html
1048,hrek-the-Third,https://www.imsdb.com/scripts/hrek-the-Third.html
1049,ario,https://www.imsdb.com/scripts/ario.html
1050,deways,https://www.imsdb.com/scripts/deways.html
1051,"ege,-The","https://www.imsdb.com/scripts/ege,-The.html"
1052,gns,https://www.imsdb.com/scripts/gns.html
1053,lence-of-the-Lambs,https://www.imsdb.com/scripts/lence-of-the-Lambs.html
1054,lver-Bullet,https://www.imsdb.com/scripts/lver-Bullet.html
1055,lver-Linings-Playbook,https://www.imsdb.com/scripts/lver-Linings-Playbook.html
1056,mone,https://www.imsdb.com/scripts/mone.html
1057,ngle-White-Female,https://www.imsdb.com/scripts/ngle-White-Female.html
1058,ster-Act,https://www.imsdb.com/scripts/ster-Act.html
1059,x-Degrees-of-Separation,https://www.imsdb.com/scripts/x-Degrees-of-Separation.html
1060,"xth-Sense,-The","https://www.imsdb.com/scripts/xth-Sense,-The.html"
1061,leepless-in-Seattle,https://www.imsdb.com/scripts/leepless-in-Seattle.html
1062,leepy-Hollow,https://www.imsdb.com/scripts/leepy-Hollow.html
1063,ling-Blade,https://www.imsdb.com/scripts/ling-Blade.html
1064,lither,https://www.imsdb.com/scripts/lither.html
1065,lumdog-Millionaire,https://www.imsdb.com/scripts/lumdog-Millionaire.html
1066,mashed,https://www.imsdb.com/scripts/mashed.html
1067,mokin'-Aces,https://www.imsdb.com/scripts/mokin'-Aces.html
1068,natch,https://www.imsdb.com/scripts/natch.html
1069,neakers,https://www.imsdb.com/scripts/neakers.html
1070,now-Falling-On-Cedars,https://www.imsdb.com/scripts/now-Falling-On-Cedars.html
1071,now-White-and-the-Huntsman,https://www.imsdb.com/scripts/now-White-and-the-Huntsman.html
1072,o-I-Married-an-Axe-Murderer,https://www.imsdb.com/scripts/o-I-Married-an-Axe-Murderer.html
1073,"ocial-Network,-The","https://www.imsdb.com/scripts/ocial-Network,-The.html"
1074,olaris,https://www.imsdb.com/scripts/olaris.html
1075,oldier,https://www.imsdb.com/scripts/oldier.html
1076,omeone-To-Watch-Over-Me,https://www.imsdb.com/scripts/omeone-To-Watch-Over-Me.html
1077,omething's-Gotta-Give,https://www.imsdb.com/scripts/omething's-Gotta-Give.html
1078,ource-Code,https://www.imsdb.com/scripts/ource-Code.html
1079,outh-Park,https://www.imsdb.com/scripts/outh-Park.html
1080,ace-Milkshake,https://www.imsdb.com/scripts/ace-Milkshake.html
1081,anglish,https://www.imsdb.com/scripts/anglish.html
1082,are-Me,https://www.imsdb.com/scripts/are-Me.html
1083,artan,https://www.imsdb.com/scripts/artan.html
1084,eed,https://www.imsdb.com/scripts/eed.html
1085,eed-Racer,https://www.imsdb.com/scripts/eed-Racer.html
1086,here,https://www.imsdb.com/scripts/here.html
1087,der-Man,https://www.imsdb.com/scripts/der-Man.html
1088,.-Elmo's-Fire,https://www.imsdb.com/scripts/.-Elmo's-Fire.html
1089,ar-Trek,https://www.imsdb.com/scripts/ar-Trek.html
1090,ar-Trek-II:-The-Wrath-of-Khan,https://www.imsdb.com/scripts/ar-Trek-II:-The-Wrath-of-Khan.html
1091,ar-Trek:-First-Contact,https://www.imsdb.com/scripts/ar-Trek:-First-Contact.html
1092,ar-Trek:-Generations,https://www.imsdb.com/scripts/ar-Trek:-Generations.html
1093,ar-Trek:-Nemesis,https://www.imsdb.com/scripts/ar-Trek:-Nemesis.html
1094,ar-Trek:-The-Motion-Picture,https://www.imsdb.com/scripts/ar-Trek:-The-Motion-Picture.html
1095,ar-Wars:-A-New-Hope,https://www.imsdb.com/scripts/ar-Wars:-A-New-Hope.html
1096,ar-Wars:-Attack-of-the-Clones,https://www.imsdb.com/scripts/ar-Wars:-Attack-of-the-Clones.html
1097,ar-Wars:-Return-of-the-Jedi,https://www.imsdb.com/scripts/ar-Wars:-Return-of-the-Jedi.html
1098,ar-Wars:-Revenge-of-the-Sith,https://www.imsdb.com/scripts/ar-Wars:-Revenge-of-the-Sith.html
1099,ar-Wars:-The-Empire-Strikes-Back,https://www.imsdb.com/scripts/ar-Wars:-The-Empire-Strikes-Back.html
1100,ar-Wars:-The-Force-Awakens,https://www.imsdb.com/scripts/ar-Wars:-The-Force-Awakens.html
1101,ar-Wars:-The-Phantom-Menace,https://www.imsdb.com/scripts/ar-Wars:-The-Phantom-Menace.html
1102,arman,https://www.imsdb.com/scripts/arman.html
1103,arship-Troopers,https://www.imsdb.com/scripts/arship-Troopers.html
1104,ate-and-Main,https://www.imsdb.com/scripts/ate-and-Main.html
1105,ation-West,https://www.imsdb.com/scripts/ation-West.html
1106,epmom,https://www.imsdb.com/scripts/epmom.html
1107,"ng,-The","https://www.imsdb.com/scripts/ng,-The.html"
1108,of-Echoes,https://www.imsdb.com/scripts/of-Echoes.html
1109,orytelling,https://www.imsdb.com/scripts/orytelling.html
1110,aight-Outta-Compton,https://www.imsdb.com/scripts/aight-Outta-Compton.html
1111,ange-Days,https://www.imsdb.com/scripts/ange-Days.html
1112,angers-on-a-Train,https://www.imsdb.com/scripts/angers-on-a-Train.html
1113,"untman,-The","https://www.imsdb.com/scripts/untman,-The.html"
1114,ugar,https://www.imsdb.com/scripts/ugar.html
1115,ugar-and-Spice,https://www.imsdb.com/scripts/ugar-and-Spice.html
1116,unset-Blvd.,https://www.imsdb.com/scripts/unset-Blvd..html
1117,unshine-Cleaning,https://www.imsdb.com/scripts/unshine-Cleaning.html
1118,uper-8,https://www.imsdb.com/scripts/uper-8.html
1119,uperbad,https://www.imsdb.com/scripts/uperbad.html
1120,uperfights,https://www.imsdb.com/scripts/uperfights.html
1121,upergirl,https://www.imsdb.com/scripts/upergirl.html
1122,"urfer-King,-The","https://www.imsdb.com/scripts/urfer-King,-The.html"
1123,urrogates,https://www.imsdb.com/scripts/urrogates.html
1124,uspect-Zero,https://www.imsdb.com/scripts/uspect-Zero.html
1125,weeney-Todd:-The-Demon-Barber-of-Fleet-Street,https://www.imsdb.com/scripts/weeney-Todd:-The-Demon-Barber-of-Fleet-Street.html
1126,"weet-Hereafter,-The","https://www.imsdb.com/scripts/weet-Hereafter,-The.html"
1127,weet-Smell-of-Success,https://www.imsdb.com/scripts/weet-Smell-of-Success.html
1128,wingers,https://www.imsdb.com/scripts/wingers.html
1129,wordfish,https://www.imsdb.com/scripts/wordfish.html
1130,"ynecdoche,-New-York","https://www.imsdb.com/scripts/ynecdoche,-New-York.html"
1131,yriana,https://www.imsdb.com/scripts/yriana.html
1132,Take-Shelter,https://www.imsdb.com/scripts/Take-Shelter.html
1133,Taking-Lives,https://www.imsdb.com/scripts/Taking-Lives.html
1134,"Taking-of-Pelham-One-Two-Three,-The","https://www.imsdb.com/scripts/Taking-of-Pelham-One-Two-Three,-The.html"
1135,Taking-Sides,https://www.imsdb.com/scripts/Taking-Sides.html
1136,"Talented-Mr.-Ripley,-The","https://www.imsdb.com/scripts/Talented-Mr.-Ripley,-The.html"
1137,Tall-in-the-Saddle,https://www.imsdb.com/scripts/Tall-in-the-Saddle.html
1138,Tamara-Drewe,https://www.imsdb.com/scripts/Tamara-Drewe.html
1139,Taxi-Driver,https://www.imsdb.com/scripts/Taxi-Driver.html
1140,Ted,https://www.imsdb.com/scripts/Ted.html
1141,Terminator,https://www.imsdb.com/scripts/Terminator.html
1142,Terminator-2:-Judgement-Day,https://www.imsdb.com/scripts/Terminator-2:-Judgement-Day.html
1143,Terminator-Salvation,https://www.imsdb.com/scripts/Terminator-Salvation.html
1144,The-Rage:-Carrie-2,https://www.imsdb.com/scripts/The-Rage:-Carrie-2.html
1145,Thelma-&-Louise,https://www.imsdb.com/scripts/Thelma-&-Louise.html
1146,"Theory-of-Everything,-The","https://www.imsdb.com/scripts/Theory-of-Everything,-The.html"
1147,There's-Something-About-Mary,https://www.imsdb.com/scripts/There's-Something-About-Mary.html
1148,They,https://www.imsdb.com/scripts/They.html
1149,"Thing,-The","https://www.imsdb.com/scripts/Thing,-The.html"
1150,"Things-My-Father-Never-Taught-Me,-The","https://www.imsdb.com/scripts/Things-My-Father-Never-Taught-Me,-The.html"
1151,Thirteen-Days,https://www.imsdb.com/scripts/Thirteen-Days.html
1152,This-Boy's-Life,https://www.imsdb.com/scripts/This-Boy's-Life.html
1153,This-is-40,https://www.imsdb.com/scripts/This-is-40.html
1154,Thor,https://www.imsdb.com/scripts/Thor.html
1155,Thor-Ragnarok,https://www.imsdb.com/scripts/Thor-Ragnarok.html
1156,Three-Kings,https://www.imsdb.com/scripts/Three-Kings.html
1157,Three-Kings-(Spoils-of-War),https://www.imsdb.com/scripts/Three-Kings-(Spoils-of-War).html
1158,Three-Men-and-a-Baby,https://www.imsdb.com/scripts/Three-Men-and-a-Baby.html
1159,"Three-Musketeers,-The","https://www.imsdb.com/scripts/Three-Musketeers,-The.html"
1160,Thunderbirds,https://www.imsdb.com/scripts/Thunderbirds.html
1161,Thunderheart,https://www.imsdb.com/scripts/Thunderheart.html
1162,Ticker,https://www.imsdb.com/scripts/Ticker.html
1163,Timber-Falls,https://www.imsdb.com/scripts/Timber-Falls.html
1164,"Time-Machine,-The","https://www.imsdb.com/scripts/Time-Machine,-The.html"
1165,Tin-Cup,https://www.imsdb.com/scripts/Tin-Cup.html
1166,Tin-Men,https://www.imsdb.com/scripts/Tin-Men.html
1167,Tinker-Tailor-Soldier-Spy,https://www.imsdb.com/scripts/Tinker-Tailor-Soldier-Spy.html
1168,Titanic,https://www.imsdb.com/scripts/Titanic.html
1169,TMNT,https://www.imsdb.com/scripts/TMNT.html
1170,To-Sleep-with-Anger,https://www.imsdb.com/scripts/To-Sleep-with-Anger.html
1171,Tombstone,https://www.imsdb.com/scripts/Tombstone.html
1172,Tomorrow-Never-Dies,https://www.imsdb.com/scripts/Tomorrow-Never-Dies.html
1173,Top-Gun,https://www.imsdb.com/scripts/Top-Gun.html
1174,Total-Recall,https://www.imsdb.com/scripts/Total-Recall.html
1175,"Tourist,-The","https://www.imsdb.com/scripts/Tourist,-The.html"
1176,Toy-Story,https://www.imsdb.com/scripts/Toy-Story.html
1177,Traffic,https://www.imsdb.com/scripts/Traffic.html
1178,Training-Day,https://www.imsdb.com/scripts/Training-Day.html
1179,Trainspotting,https://www.imsdb.com/scripts/Trainspotting.html
1180,Transformers:-The-Movie,https://www.imsdb.com/scripts/Transformers:-The-Movie.html
1181,Tremors,https://www.imsdb.com/scripts/Tremors.html
1182,Tristan-and-Isolde,https://www.imsdb.com/scripts/Tristan-and-Isolde.html
1183,TRON,https://www.imsdb.com/scripts/TRON.html
1184,TRON:-Legacy,https://www.imsdb.com/scripts/TRON:-Legacy.html
1185,Tropic-Thunder,https://www.imsdb.com/scripts/Tropic-Thunder.html
1186,Troy,https://www.imsdb.com/scripts/Troy.html
1187,True-Grit,https://www.imsdb.com/scripts/True-Grit.html
1188,True-Lies,https://www.imsdb.com/scripts/True-Lies.html
1189,True-Romance,https://www.imsdb.com/scripts/True-Romance.html
1190,"Truman-Show,-The","https://www.imsdb.com/scripts/Truman-Show,-The.html"
1191,Twilight,https://www.imsdb.com/scripts/Twilight.html
1192,Twilight:-New-Moon,https://www.imsdb.com/scripts/Twilight:-New-Moon.html
1193,Twin-Peaks,https://www.imsdb.com/scripts/Twin-Peaks.html
1194,Twins,https://www.imsdb.com/scripts/Twins.html
1195,Two-For-The-Money,https://www.imsdb.com/scripts/Two-For-The-Money.html
1196,U-Turn,https://www.imsdb.com/scripts/U-Turn.html
1197,"Ugly-Truth,-The","https://www.imsdb.com/scripts/Ugly-Truth,-The.html"
1198,Un-Singe-en-Hiver,https://www.imsdb.com/scripts/Un-Singe-en-Hiver.html
1199,Unbreakable,https://www.imsdb.com/scripts/Unbreakable.html
1200,Under-Fire,https://www.imsdb.com/scripts/Under-Fire.html
1201,Unforgiven,https://www.imsdb.com/scripts/Unforgiven.html
1202,Unknown,https://www.imsdb.com/scripts/Unknown.html
1203,Up,https://www.imsdb.com/scripts/Up.html
1204,Up-in-the-Air,https://www.imsdb.com/scripts/Up-in-the-Air.html
1205,"Usual-Suspects,-The","https://www.imsdb.com/scripts/Usual-Suspects,-The.html"
1206,V-for-Vendetta,https://www.imsdb.com/scripts/V-for-Vendetta.html
1207,Valentine's-Day,https://www.imsdb.com/scripts/Valentine's-Day.html
1208,Valkyrie,https://www.imsdb.com/scripts/Valkyrie.html
1209,Vanilla-Sky,https://www.imsdb.com/scripts/Vanilla-Sky.html
1210,"Verdict,-The","https://www.imsdb.com/scripts/Verdict,-The.html"
1211,Vertigo,https://www.imsdb.com/scripts/Vertigo.html
1212,Very-Bad-Things,https://www.imsdb.com/scripts/Very-Bad-Things.html
1213,"Village,-The","https://www.imsdb.com/scripts/Village,-The.html"
1214,Virtuosity,https://www.imsdb.com/scripts/Virtuosity.html
1215,"Visitor,-The","https://www.imsdb.com/scripts/Visitor,-The.html"
1216,Wag-the-Dog,https://www.imsdb.com/scripts/Wag-the-Dog.html
1217,"Walk-to-Remember,-A","https://www.imsdb.com/scripts/Walk-to-Remember,-A.html"
1218,Walking-Tall,https://www.imsdb.com/scripts/Walking-Tall.html
1219,Wall-Street,https://www.imsdb.com/scripts/Wall-Street.html
1220,Wall-Street:-Money-Never-Sleeps,https://www.imsdb.com/scripts/Wall-Street:-Money-Never-Sleeps.html
1221,Wall-E,https://www.imsdb.com/scripts/Wall-E.html
1222,Wanted,https://www.imsdb.com/scripts/Wanted.html
1223,War-for-the-Planet-of-the-Apes,https://www.imsdb.com/scripts/War-for-the-Planet-of-the-Apes.html
1224,War-Horse,https://www.imsdb.com/scripts/War-Horse.html
1225,War-of-the-Worlds,https://www.imsdb.com/scripts/War-of-the-Worlds.html
1226,Warm-Springs,https://www.imsdb.com/scripts/Warm-Springs.html
1227,Warrior,https://www.imsdb.com/scripts/Warrior.html
1228,Watchmen,https://www.imsdb.com/scripts/Watchmen.html
1229,Water-for-Elephants,https://www.imsdb.com/scripts/Water-for-Elephants.html
1230,"Way-Back,-The","https://www.imsdb.com/scripts/Way-Back,-The.html"
1231,We-Own-the-Night,https://www.imsdb.com/scripts/We-Own-the-Night.html
1232,What-About-Bob?,https://www.imsdb.com/scripts/What-About-Bob?.html
1233,What-Lies-Beneath,https://www.imsdb.com/scripts/What-Lies-Beneath.html
1234,When-a-Stranger-Calls,https://www.imsdb.com/scripts/When-a-Stranger-Calls.html
1235,When-Harry-Met-Sally,https://www.imsdb.com/scripts/When-Harry-Met-Sally.html
1236,While-She-Was-Out,https://www.imsdb.com/scripts/While-She-Was-Out.html
1237,"Whistleblower,-The","https://www.imsdb.com/scripts/Whistleblower,-The.html"
1238,White-Christmas,https://www.imsdb.com/scripts/White-Christmas.html
1239,White-Jazz,https://www.imsdb.com/scripts/White-Jazz.html
1240,"White-Ribbon,-The","https://www.imsdb.com/scripts/White-Ribbon,-The.html"
1241,White-Squall,https://www.imsdb.com/scripts/White-Squall.html
1242,Whiteout,https://www.imsdb.com/scripts/Whiteout.html
1243,Who-Framed-Roger-Rabbit?,https://www.imsdb.com/scripts/Who-Framed-Roger-Rabbit?.html
1244,Who's-Your-Daddy,https://www.imsdb.com/scripts/Who's-Your-Daddy.html
1245,Wild-At-Heart,https://www.imsdb.com/scripts/Wild-At-Heart.html
1246,"Wild-Bunch,-The","https://www.imsdb.com/scripts/Wild-Bunch,-The.html"
1247,Wild-Hogs,https://www.imsdb.com/scripts/Wild-Hogs.html
1248,Wild-Things,https://www.imsdb.com/scripts/Wild-Things.html
1249,Wild-Things:-Diamonds-in-the-Rough,https://www.imsdb.com/scripts/Wild-Things:-Diamonds-in-the-Rough.html
1250,Wild-Wild-West,https://www.imsdb.com/scripts/Wild-Wild-West.html
1251,Willow,https://www.imsdb.com/scripts/Willow.html
1252,Win-Win,https://www.imsdb.com/scripts/Win-Win.html
1253,Wind-Chill,https://www.imsdb.com/scripts/Wind-Chill.html
1254,Withnail-and-I,https://www.imsdb.com/scripts/Withnail-and-I.html
1255,Witness,https://www.imsdb.com/scripts/Witness.html
1256,"Wizard-of-Oz,-The","https://www.imsdb.com/scripts/Wizard-of-Oz,-The.html"
1257,"Wolf-of-Wall-Street,-The","https://www.imsdb.com/scripts/Wolf-of-Wall-Street,-The.html"
1258,Wonder-Boys,https://www.imsdb.com/scripts/Wonder-Boys.html
1259,Wonder-Woman,https://www.imsdb.com/scripts/Wonder-Woman.html
1260,"Woodsman,-The","https://www.imsdb.com/scripts/Woodsman,-The.html"
1261,"World-is-not-Enough,-The","https://www.imsdb.com/scripts/World-is-not-Enough,-The.html"
1262,"Wrestler,-The","https://www.imsdb.com/scripts/Wrestler,-The.html"
1263,"X-Files:-Fight-the-Future,-The","https://www.imsdb.com/scripts/X-Files:-Fight-the-Future,-The.html"
1264,X-Men,https://www.imsdb.com/scripts/X-Men.html
1265,X-Men-Origins:-Wolverine,https://www.imsdb.com/scripts/X-Men-Origins:-Wolverine.html
1266,xXx,https://www.imsdb.com/scripts/xXx.html
1267,Year-One,https://www.imsdb.com/scripts/Year-One.html
1268,Yes-Man,https://www.imsdb.com/scripts/Yes-Man.html
1269,You-Can-Count-On-Me,https://www.imsdb.com/scripts/You-Can-Count-On-Me.html
1270,You've-Got-Mail,https://www.imsdb.com/scripts/You've-Got-Mail.html
1271,Youth-in-Revolt,https://www.imsdb.com/scripts/Youth-in-Revolt.html
1272,Zero-Dark-Thirty,https://www.imsdb.com/scripts/Zero-Dark-Thirty.html
1273,Zerophilia,https://www.imsdb.com/scripts/Zerophilia.html
1274,Zootopia,https://www.imsdb.com/scripts/Zootopia.html
